order_id,ordered_at,customer_key,region,currency,net_amount,tax_amount,gross_amount,order_status
ORD-000001,2026-05-01T09:13:00+00:00,CUS-00395,North America,USD,235.51,18.84,254.35,completed
ORD-000002,2026-05-01T10:26:00+00:00,CUS-00161,United Kingdom,GBP,55.75,11.15,66.90,completed
ORD-000003,2026-05-01T11:39:00+00:00,CUS-00241,United Kingdom,GBP,207.55,41.51,249.06,completed
ORD-000004,2026-05-01T12:52:00+00:00,CUS-00044,North America,USD,602.40,48.19,650.59,pending
ORD-000005,2026-05-01T14:05:00+00:00,CUS-00118,North America,USD,370.14,29.61,399.75,refunded
ORD-000006,2026-05-01T15:18:00+00:00,CUS-00076,Europe,EUR,610.55,122.11,732.66,completed
ORD-000007,2026-05-01T16:31:00+00:00,CUS-00370,Europe,EUR,644.99,129.00,773.99,refunded
ORD-000008,2026-05-01T17:44:00+00:00,CUS-00270,United Kingdom,GBP,616.09,123.22,739.31,completed
ORD-000009,2026-05-01T18:57:00+00:00,CUS-00295,United Kingdom,GBP,622.51,124.50,747.01,refunded
ORD-000010,2026-05-01T20:10:00+00:00,CUS-00009,Europe,EUR,377.67,75.53,453.20,completed
ORD-000011,2026-05-01T21:23:00+00:00,CUS-00055,North America,USD,480.61,38.45,519.06,refunded
ORD-000012,2026-05-01T22:36:00+00:00,CUS-00375,North America,USD,301.97,24.16,326.13,completed
ORD-000013,2026-05-01T23:49:00+00:00,CUS-00064,United Kingdom,GBP,323.96,64.79,388.75,pending
ORD-000014,2026-05-02T01:02:00+00:00,CUS-00399,North America,USD,73.52,5.88,79.40,completed
ORD-000015,2026-05-02T02:15:00+00:00,CUS-00115,North America,USD,641.75,51.34,693.09,completed
ORD-000016,2026-05-02T03:28:00+00:00,CUS-00355,United Kingdom,GBP,21.81,4.36,26.17,completed
ORD-000017,2026-05-02T04:41:00+00:00,CUS-00355,North America,USD,34.66,2.77,37.43,completed
ORD-000018,2026-05-02T05:54:00+00:00,CUS-00003,Europe,EUR,374.07,74.81,448.88,completed
ORD-000019,2026-05-02T07:07:00+00:00,CUS-00279,United Kingdom,GBP,196.06,39.21,235.27,completed
ORD-000020,2026-05-02T08:20:00+00:00,CUS-00211,Europe,EUR,287.29,57.46,344.75,completed
ORD-000021,2026-05-02T09:33:00+00:00,CUS-00312,North America,USD,218.49,17.48,235.97,completed
ORD-000022,2026-05-02T10:46:00+00:00,CUS-00190,United Kingdom,GBP,523.02,104.60,627.62,pending
ORD-000023,2026-05-02T11:59:00+00:00,CUS-00074,United Kingdom,GBP,579.02,115.80,694.82,completed
ORD-000024,2026-05-02T13:12:00+00:00,CUS-00029,North America,USD,62.38,4.99,67.37,completed
ORD-000025,2026-05-02T14:25:00+00:00,CUS-00071,Europe,EUR,620.93,124.19,745.12,completed
ORD-000026,2026-05-02T15:38:00+00:00,CUS-00056,United Kingdom,GBP,563.93,112.79,676.72,completed
ORD-000027,2026-05-02T16:51:00+00:00,CUS-00299,North America,USD,195.45,15.64,211.09,completed
ORD-000028,2026-05-02T18:04:00+00:00,CUS-00263,Europe,EUR,354.08,70.82,424.90,refunded
ORD-000029,2026-05-02T19:17:00+00:00,CUS-00209,Europe,EUR,136.95,27.39,164.34,completed
ORD-000030,2026-05-02T20:30:00+00:00,CUS-00227,North America,USD,641.63,51.33,692.96,completed
ORD-000031,2026-05-02T21:43:00+00:00,CUS-00025,North America,USD,307.11,24.57,331.68,completed
ORD-000032,2026-05-02T22:56:00+00:00,CUS-00028,Europe,EUR,392.95,78.59,471.54,completed
ORD-000033,2026-05-03T00:09:00+00:00,CUS-00227,Europe,EUR,240.78,48.16,288.94,completed
ORD-000034,2026-05-03T01:22:00+00:00,CUS-00303,North America,USD,358.57,28.69,387.26,completed
ORD-000035,2026-05-03T02:35:00+00:00,CUS-00282,United Kingdom,GBP,356.12,71.22,427.34,completed
ORD-000036,2026-05-03T03:48:00+00:00,CUS-00043,Europe,EUR,599.52,119.90,719.42,completed
ORD-000037,2026-05-03T05:01:00+00:00,CUS-00267,North America,USD,541.78,43.34,585.12,refunded
ORD-000038,2026-05-03T06:14:00+00:00,CUS-00010,United Kingdom,GBP,315.68,63.14,378.82,pending
ORD-000039,2026-05-03T07:27:00+00:00,CUS-00369,Europe,EUR,196.48,39.30,235.78,refunded
ORD-000040,2026-05-03T08:40:00+00:00,CUS-00103,Europe,EUR,384.80,76.96,461.76,pending
ORD-000041,2026-05-03T09:53:00+00:00,CUS-00382,North America,USD,604.98,48.40,653.38,completed
ORD-000042,2026-05-03T11:06:00+00:00,CUS-00122,United Kingdom,GBP,593.68,118.74,712.42,completed
ORD-000043,2026-05-03T12:19:00+00:00,CUS-00235,North America,USD,159.48,12.76,172.24,pending
ORD-000044,2026-05-03T13:32:00+00:00,CUS-00313,United Kingdom,GBP,103.86,20.77,124.63,completed
ORD-000045,2026-05-03T14:45:00+00:00,CUS-00233,United Kingdom,GBP,136.66,27.33,163.99,pending
ORD-000046,2026-05-03T15:58:00+00:00,CUS-00201,North America,USD,257.51,20.60,278.11,completed
ORD-000047,2026-05-03T17:11:00+00:00,CUS-00233,North America,USD,87.46,7.00,94.46,completed
ORD-000048,2026-05-03T18:24:00+00:00,CUS-00004,Europe,EUR,619.37,123.87,743.24,completed
ORD-000049,2026-05-03T19:37:00+00:00,CUS-00153,United Kingdom,GBP,558.94,111.79,670.73,completed
ORD-000050,2026-05-03T20:50:00+00:00,CUS-00342,Europe,EUR,265.05,53.01,318.06,completed
ORD-000051,2026-05-03T22:03:00+00:00,CUS-00210,United Kingdom,GBP,456.75,91.35,548.10,completed
ORD-000052,2026-05-03T23:16:00+00:00,CUS-00020,Europe,EUR,156.63,31.33,187.96,completed
ORD-000053,2026-05-04T00:29:00+00:00,CUS-00278,United Kingdom,GBP,188.53,37.71,226.24,completed
ORD-000054,2026-05-04T01:42:00+00:00,CUS-00102,North America,USD,114.27,9.14,123.41,pending
ORD-000055,2026-05-04T02:55:00+00:00,CUS-00345,North America,USD,18.07,1.45,19.52,completed
ORD-000056,2026-05-04T04:08:00+00:00,CUS-00221,North America,USD,269.44,21.56,291.00,completed
ORD-000057,2026-05-04T05:21:00+00:00,CUS-00031,United Kingdom,GBP,425.59,85.12,510.71,completed
ORD-000058,2026-05-04T06:34:00+00:00,CUS-00096,Europe,EUR,79.53,15.91,95.44,completed
ORD-000059,2026-05-04T07:47:00+00:00,CUS-00342,Europe,EUR,61.99,12.40,74.39,refunded
ORD-000060,2026-05-04T09:00:00+00:00,CUS-00010,Europe,EUR,215.30,43.06,258.36,completed
ORD-000061,2026-05-04T10:13:00+00:00,CUS-00260,Europe,EUR,386.31,77.26,463.57,completed
ORD-000062,2026-05-04T11:26:00+00:00,CUS-00307,United Kingdom,GBP,317.36,63.47,380.83,completed
ORD-000063,2026-05-04T12:39:00+00:00,CUS-00363,United Kingdom,GBP,281.90,56.38,338.28,completed
ORD-000064,2026-05-04T13:52:00+00:00,CUS-00089,North America,USD,120.85,9.67,130.52,completed
ORD-000065,2026-05-04T15:05:00+00:00,CUS-00177,North America,USD,93.39,7.47,100.86,completed
ORD-000066,2026-05-04T16:18:00+00:00,CUS-00221,United Kingdom,GBP,251.81,50.36,302.17,completed
ORD-000067,2026-05-04T17:31:00+00:00,CUS-00112,United Kingdom,GBP,199.04,39.81,238.85,completed
ORD-000068,2026-05-04T18:44:00+00:00,CUS-00239,North America,USD,536.43,42.91,579.34,completed
ORD-000069,2026-05-04T19:57:00+00:00,CUS-00218,United Kingdom,GBP,58.77,11.75,70.52,completed
ORD-000070,2026-05-04T21:10:00+00:00,CUS-00385,North America,USD,219.69,17.58,237.27,completed
ORD-000071,2026-05-04T22:23:00+00:00,CUS-00322,United Kingdom,GBP,198.45,39.69,238.14,completed
ORD-000072,2026-05-04T23:36:00+00:00,CUS-00274,Europe,EUR,420.49,84.10,504.59,completed
ORD-000073,2026-05-05T00:49:00+00:00,CUS-00144,Europe,EUR,104.37,20.87,125.24,completed
ORD-000074,2026-05-05T02:02:00+00:00,CUS-00003,North America,USD,363.68,29.09,392.77,pending
ORD-000075,2026-05-05T03:15:00+00:00,CUS-00112,North America,USD,483.65,38.69,522.34,completed
ORD-000076,2026-05-05T04:28:00+00:00,CUS-00288,North America,USD,325.16,26.01,351.17,completed
ORD-000077,2026-05-05T05:41:00+00:00,CUS-00281,United Kingdom,GBP,171.37,34.27,205.64,completed
ORD-000078,2026-05-05T06:54:00+00:00,CUS-00183,North America,USD,533.80,42.70,576.50,completed
ORD-000079,2026-05-05T08:07:00+00:00,CUS-00159,United Kingdom,GBP,393.72,78.74,472.46,refunded
ORD-000080,2026-05-05T09:20:00+00:00,CUS-00259,North America,USD,292.18,23.37,315.55,refunded
ORD-000081,2026-05-05T10:33:00+00:00,CUS-00390,North America,USD,629.53,50.36,679.89,completed
ORD-000082,2026-05-05T11:46:00+00:00,CUS-00001,United Kingdom,GBP,406.66,81.33,487.99,completed
ORD-000083,2026-05-05T12:59:00+00:00,CUS-00161,Europe,EUR,167.17,33.43,200.60,completed
ORD-000084,2026-05-05T14:12:00+00:00,CUS-00265,North America,USD,572.81,45.82,618.63,completed
ORD-000085,2026-05-05T15:25:00+00:00,CUS-00281,North America,USD,463.07,37.05,500.12,refunded
ORD-000086,2026-05-05T16:38:00+00:00,CUS-00200,Europe,EUR,248.12,49.62,297.74,completed
ORD-000087,2026-05-05T17:51:00+00:00,CUS-00338,Europe,EUR,500.65,100.13,600.78,completed
ORD-000088,2026-05-05T19:04:00+00:00,CUS-00034,United Kingdom,GBP,327.37,65.47,392.84,completed
ORD-000089,2026-05-05T20:17:00+00:00,CUS-00036,Europe,EUR,140.95,28.19,169.14,completed
ORD-000090,2026-05-05T21:30:00+00:00,CUS-00205,North America,USD,299.06,23.92,322.98,refunded
ORD-000091,2026-05-05T22:43:00+00:00,CUS-00050,Europe,EUR,111.28,22.26,133.54,pending
ORD-000092,2026-05-05T23:56:00+00:00,CUS-00351,United Kingdom,GBP,136.28,27.26,163.54,completed
ORD-000093,2026-05-06T01:09:00+00:00,CUS-00079,Europe,EUR,280.28,56.06,336.34,completed
ORD-000094,2026-05-06T02:22:00+00:00,CUS-00215,North America,USD,162.40,12.99,175.39,completed
ORD-000095,2026-05-06T03:35:00+00:00,CUS-00208,Europe,EUR,246.48,49.30,295.78,completed
ORD-000096,2026-05-06T04:48:00+00:00,CUS-00038,North America,USD,348.25,27.86,376.11,completed
ORD-000097,2026-05-06T06:01:00+00:00,CUS-00298,United Kingdom,GBP,303.67,60.73,364.40,completed
ORD-000098,2026-05-06T07:14:00+00:00,CUS-00149,Europe,EUR,115.01,23.00,138.01,completed
ORD-000099,2026-05-06T08:27:00+00:00,CUS-00377,Europe,EUR,22.61,4.52,27.13,refunded
ORD-000100,2026-05-06T09:40:00+00:00,CUS-00100,United Kingdom,GBP,379.14,75.83,454.97,pending
ORD-000101,2026-05-06T10:53:00+00:00,CUS-00063,Europe,EUR,212.75,42.55,255.30,pending
ORD-000102,2026-05-06T12:06:00+00:00,CUS-00149,Europe,EUR,294.57,58.91,353.48,completed
ORD-000103,2026-05-06T13:19:00+00:00,CUS-00056,United Kingdom,GBP,121.92,24.38,146.30,completed
ORD-000104,2026-05-06T14:32:00+00:00,CUS-00233,Europe,EUR,428.72,85.74,514.46,completed
ORD-000105,2026-05-06T15:45:00+00:00,CUS-00264,North America,USD,47.88,3.83,51.71,completed
ORD-000106,2026-05-06T16:58:00+00:00,CUS-00219,Europe,EUR,475.41,95.08,570.49,completed
ORD-000107,2026-05-06T18:11:00+00:00,CUS-00267,Europe,EUR,626.29,125.26,751.55,pending
ORD-000108,2026-05-06T19:24:00+00:00,CUS-00094,North America,USD,366.53,29.32,395.85,completed
ORD-000109,2026-05-06T20:37:00+00:00,CUS-00288,North America,USD,612.98,49.04,662.02,pending
ORD-000110,2026-05-06T21:50:00+00:00,CUS-00202,North America,USD,147.42,11.79,159.21,completed
ORD-000111,2026-05-06T23:03:00+00:00,CUS-00006,United Kingdom,GBP,292.81,58.56,351.37,completed
ORD-000112,2026-05-07T00:16:00+00:00,CUS-00188,Europe,EUR,202.05,40.41,242.46,completed
ORD-000113,2026-05-07T01:29:00+00:00,CUS-00136,United Kingdom,GBP,333.61,66.72,400.33,completed
ORD-000114,2026-05-07T02:42:00+00:00,CUS-00219,Europe,EUR,389.13,77.83,466.96,pending
ORD-000115,2026-05-07T03:55:00+00:00,CUS-00033,North America,USD,454.81,36.38,491.19,completed
ORD-000116,2026-05-07T05:08:00+00:00,CUS-00211,United Kingdom,GBP,373.47,74.69,448.16,completed
ORD-000117,2026-05-07T06:21:00+00:00,CUS-00087,United Kingdom,GBP,609.42,121.88,731.30,completed
ORD-000118,2026-05-07T07:34:00+00:00,CUS-00086,Europe,EUR,145.11,29.02,174.13,completed
ORD-000119,2026-05-07T08:47:00+00:00,CUS-00104,North America,USD,564.44,45.16,609.60,refunded
ORD-000120,2026-05-07T10:00:00+00:00,CUS-00112,North America,USD,500.64,40.05,540.69,completed
ORD-000121,2026-05-07T11:13:00+00:00,CUS-00041,Europe,EUR,589.47,117.89,707.36,completed
ORD-000122,2026-05-07T12:26:00+00:00,CUS-00022,United Kingdom,GBP,218.51,43.70,262.21,pending
ORD-000123,2026-05-07T13:39:00+00:00,CUS-00363,United Kingdom,GBP,339.23,67.85,407.08,completed
ORD-000124,2026-05-07T14:52:00+00:00,CUS-00311,North America,USD,646.78,51.74,698.52,refunded
ORD-000125,2026-05-07T16:05:00+00:00,CUS-00052,Europe,EUR,211.84,42.37,254.21,pending
ORD-000126,2026-05-07T17:18:00+00:00,CUS-00106,Europe,EUR,303.70,60.74,364.44,completed
ORD-000127,2026-05-07T18:31:00+00:00,CUS-00298,Europe,EUR,444.48,88.90,533.38,completed
ORD-000128,2026-05-07T19:44:00+00:00,CUS-00152,Europe,EUR,447.53,89.51,537.04,completed
ORD-000129,2026-05-07T20:57:00+00:00,CUS-00256,Europe,EUR,175.45,35.09,210.54,refunded
ORD-000130,2026-05-07T22:10:00+00:00,CUS-00359,Europe,EUR,272.43,54.49,326.92,completed
ORD-000131,2026-05-07T23:23:00+00:00,CUS-00116,Europe,EUR,349.46,69.89,419.35,pending
ORD-000132,2026-05-08T00:36:00+00:00,CUS-00023,North America,USD,302.48,24.20,326.68,completed
ORD-000133,2026-05-08T01:49:00+00:00,CUS-00162,North America,USD,158.63,12.69,171.32,completed
ORD-000134,2026-05-08T03:02:00+00:00,CUS-00232,United Kingdom,GBP,157.67,31.53,189.20,completed
ORD-000135,2026-05-08T04:15:00+00:00,CUS-00193,North America,USD,306.39,24.51,330.90,pending
ORD-000136,2026-05-08T05:28:00+00:00,CUS-00076,United Kingdom,GBP,563.23,112.65,675.88,pending
ORD-000137,2026-05-08T06:41:00+00:00,CUS-00120,North America,USD,521.75,41.74,563.49,refunded
ORD-000138,2026-05-08T07:54:00+00:00,CUS-00215,United Kingdom,GBP,70.19,14.04,84.23,completed
ORD-000139,2026-05-08T09:07:00+00:00,CUS-00139,North America,USD,254.32,20.35,274.67,completed
ORD-000140,2026-05-08T10:20:00+00:00,CUS-00132,Europe,EUR,634.01,126.80,760.81,completed
ORD-000141,2026-05-08T11:33:00+00:00,CUS-00066,United Kingdom,GBP,35.72,7.14,42.86,completed
ORD-000142,2026-05-08T12:46:00+00:00,CUS-00365,United Kingdom,GBP,441.41,88.28,529.69,pending
ORD-000143,2026-05-08T13:59:00+00:00,CUS-00048,Europe,EUR,331.89,66.38,398.27,refunded
ORD-000144,2026-05-08T15:12:00+00:00,CUS-00124,North America,USD,265.30,21.22,286.52,completed
ORD-000145,2026-05-08T16:25:00+00:00,CUS-00184,North America,USD,406.25,32.50,438.75,completed
ORD-000146,2026-05-08T17:38:00+00:00,CUS-00168,United Kingdom,GBP,234.95,46.99,281.94,completed
ORD-000147,2026-05-08T18:51:00+00:00,CUS-00379,Europe,EUR,614.21,122.84,737.05,pending
ORD-000148,2026-05-08T20:04:00+00:00,CUS-00358,North America,USD,349.18,27.93,377.11,pending
ORD-000149,2026-05-08T21:17:00+00:00,CUS-00250,United Kingdom,GBP,36.78,7.36,44.14,completed
ORD-000150,2026-05-08T22:30:00+00:00,CUS-00101,United Kingdom,GBP,160.15,32.03,192.18,refunded
ORD-000151,2026-05-08T23:43:00+00:00,CUS-00109,Europe,EUR,78.43,15.69,94.12,completed
ORD-000152,2026-05-09T00:56:00+00:00,CUS-00017,North America,USD,508.85,40.71,549.56,completed
ORD-000153,2026-05-09T02:09:00+00:00,CUS-00185,North America,USD,398.78,31.90,430.68,pending
ORD-000154,2026-05-09T03:22:00+00:00,CUS-00012,North America,USD,407.22,32.58,439.80,completed
ORD-000155,2026-05-09T04:35:00+00:00,CUS-00103,Europe,EUR,521.86,104.37,626.23,completed
ORD-000156,2026-05-09T05:48:00+00:00,CUS-00306,Europe,EUR,267.80,53.56,321.36,completed
ORD-000157,2026-05-09T07:01:00+00:00,CUS-00242,Europe,EUR,88.68,17.74,106.42,completed
ORD-000158,2026-05-09T08:14:00+00:00,CUS-00166,North America,USD,345.19,27.62,372.81,completed
ORD-000159,2026-05-09T09:27:00+00:00,CUS-00044,United Kingdom,GBP,600.13,120.03,720.16,completed
ORD-000160,2026-05-09T10:40:00+00:00,CUS-00091,North America,USD,328.21,26.26,354.47,completed
ORD-000161,2026-05-09T11:53:00+00:00,CUS-00165,Europe,EUR,349.35,69.87,419.22,completed
ORD-000162,2026-05-09T13:06:00+00:00,CUS-00219,United Kingdom,GBP,568.08,113.62,681.70,refunded
ORD-000163,2026-05-09T14:19:00+00:00,CUS-00092,Europe,EUR,539.71,107.94,647.65,completed
ORD-000164,2026-05-09T15:32:00+00:00,CUS-00013,North America,USD,413.62,33.09,446.71,completed
ORD-000165,2026-05-09T16:45:00+00:00,CUS-00215,North America,USD,149.35,11.95,161.30,completed
ORD-000166,2026-05-09T17:58:00+00:00,CUS-00087,United Kingdom,GBP,608.98,121.80,730.78,completed
ORD-000167,2026-05-09T19:11:00+00:00,CUS-00290,North America,USD,495.18,39.61,534.79,completed
ORD-000168,2026-05-09T20:24:00+00:00,CUS-00074,North America,USD,376.33,30.11,406.44,completed
ORD-000169,2026-05-09T21:37:00+00:00,CUS-00171,North America,USD,467.15,37.37,504.52,completed
ORD-000170,2026-05-09T22:50:00+00:00,CUS-00068,North America,USD,164.34,13.15,177.49,completed
ORD-000171,2026-05-10T00:03:00+00:00,CUS-00181,Europe,EUR,250.94,50.19,301.13,completed
ORD-000172,2026-05-10T01:16:00+00:00,CUS-00038,North America,USD,441.10,35.29,476.39,completed
ORD-000173,2026-05-10T02:29:00+00:00,CUS-00300,North America,USD,559.57,44.77,604.34,completed
ORD-000174,2026-05-10T03:42:00+00:00,CUS-00244,North America,USD,437.53,35.00,472.53,pending
ORD-000175,2026-05-10T04:55:00+00:00,CUS-00042,Europe,EUR,488.62,97.72,586.34,completed
ORD-000176,2026-05-10T06:08:00+00:00,CUS-00193,Europe,EUR,346.56,69.31,415.87,completed
ORD-000177,2026-05-10T07:21:00+00:00,CUS-00055,United Kingdom,GBP,396.62,79.32,475.94,refunded
ORD-000178,2026-05-10T08:34:00+00:00,CUS-00085,Europe,EUR,371.48,74.30,445.78,completed
ORD-000179,2026-05-10T09:47:00+00:00,CUS-00131,United Kingdom,GBP,176.91,35.38,212.29,completed
ORD-000180,2026-05-10T11:00:00+00:00,CUS-00097,Europe,EUR,240.58,48.12,288.70,completed
ORD-000181,2026-05-10T12:13:00+00:00,CUS-00003,United Kingdom,GBP,514.41,102.88,617.29,completed
ORD-000182,2026-05-10T13:26:00+00:00,CUS-00214,United Kingdom,GBP,204.71,40.94,245.65,completed
ORD-000183,2026-05-10T14:39:00+00:00,CUS-00038,Europe,EUR,213.91,42.78,256.69,completed
ORD-000184,2026-05-10T15:52:00+00:00,CUS-00330,United Kingdom,GBP,40.28,8.06,48.34,pending
ORD-000185,2026-05-10T17:05:00+00:00,CUS-00348,United Kingdom,GBP,424.14,84.83,508.97,completed
ORD-000186,2026-05-10T18:18:00+00:00,CUS-00360,Europe,EUR,436.61,87.32,523.93,completed
ORD-000187,2026-05-10T19:31:00+00:00,CUS-00007,North America,USD,450.57,36.05,486.62,completed
ORD-000188,2026-05-10T20:44:00+00:00,CUS-00109,United Kingdom,GBP,137.13,27.43,164.56,completed
ORD-000189,2026-05-10T21:57:00+00:00,CUS-00335,North America,USD,621.81,49.74,671.55,pending
ORD-000190,2026-05-10T23:10:00+00:00,CUS-00049,Europe,EUR,622.34,124.47,746.81,completed
ORD-000191,2026-05-11T00:23:00+00:00,CUS-00218,United Kingdom,GBP,100.97,20.19,121.16,pending
ORD-000192,2026-05-11T01:36:00+00:00,CUS-00197,North America,USD,78.06,6.24,84.30,completed
ORD-000193,2026-05-11T02:49:00+00:00,CUS-00384,North America,USD,611.43,48.91,660.34,completed
ORD-000194,2026-05-11T04:02:00+00:00,CUS-00392,North America,USD,556.60,44.53,601.13,completed
ORD-000195,2026-05-11T05:15:00+00:00,CUS-00252,North America,USD,334.93,26.79,361.72,completed
ORD-000196,2026-05-11T06:28:00+00:00,CUS-00211,North America,USD,465.85,37.27,503.12,pending
ORD-000197,2026-05-11T07:41:00+00:00,CUS-00126,North America,USD,96.25,7.70,103.95,completed
ORD-000198,2026-05-11T08:54:00+00:00,CUS-00185,Europe,EUR,208.14,41.63,249.77,refunded
ORD-000199,2026-05-11T10:07:00+00:00,CUS-00008,North America,USD,463.02,37.04,500.06,completed
ORD-000200,2026-05-11T11:20:00+00:00,CUS-00393,Europe,EUR,121.73,24.35,146.08,refunded
ORD-000201,2026-05-11T12:33:00+00:00,CUS-00174,Europe,EUR,47.48,9.50,56.98,completed
ORD-000202,2026-05-11T13:46:00+00:00,CUS-00057,United Kingdom,GBP,201.19,40.24,241.43,refunded
ORD-000203,2026-05-11T14:59:00+00:00,CUS-00152,United Kingdom,GBP,564.96,112.99,677.95,completed
ORD-000204,2026-05-11T16:12:00+00:00,CUS-00303,North America,USD,636.07,50.89,686.96,completed
ORD-000205,2026-05-11T17:25:00+00:00,CUS-00220,United Kingdom,GBP,404.70,80.94,485.64,completed
ORD-000206,2026-05-11T18:38:00+00:00,CUS-00200,North America,USD,358.17,28.65,386.82,completed
ORD-000207,2026-05-11T19:51:00+00:00,CUS-00339,United Kingdom,GBP,582.63,116.53,699.16,completed
ORD-000208,2026-05-11T21:04:00+00:00,CUS-00346,North America,USD,50.43,4.03,54.46,completed
ORD-000209,2026-05-11T22:17:00+00:00,CUS-00052,Europe,EUR,344.58,68.92,413.50,completed
ORD-000210,2026-05-11T23:30:00+00:00,CUS-00200,United Kingdom,GBP,506.50,101.30,607.80,completed
ORD-000211,2026-05-12T00:43:00+00:00,CUS-00061,North America,USD,537.22,42.98,580.20,completed
ORD-000212,2026-05-12T01:56:00+00:00,CUS-00104,United Kingdom,GBP,432.92,86.58,519.50,completed
ORD-000213,2026-05-12T03:09:00+00:00,CUS-00072,Europe,EUR,352.63,70.53,423.16,pending
ORD-000214,2026-05-12T04:22:00+00:00,CUS-00377,United Kingdom,GBP,511.00,102.20,613.20,completed
ORD-000215,2026-05-12T05:35:00+00:00,CUS-00347,United Kingdom,GBP,200.85,40.17,241.02,completed
ORD-000216,2026-05-12T06:48:00+00:00,CUS-00089,United Kingdom,GBP,506.91,101.38,608.29,completed
ORD-000217,2026-05-12T08:01:00+00:00,CUS-00219,North America,USD,174.45,13.96,188.41,refunded
ORD-000218,2026-05-12T09:14:00+00:00,CUS-00209,North America,USD,570.80,45.66,616.46,completed
ORD-000219,2026-05-12T10:27:00+00:00,CUS-00322,United Kingdom,GBP,286.71,57.34,344.05,completed
ORD-000220,2026-05-12T11:40:00+00:00,CUS-00398,Europe,EUR,504.00,100.80,604.80,completed
ORD-000221,2026-05-12T12:53:00+00:00,CUS-00239,Europe,EUR,509.77,101.95,611.72,refunded
ORD-000222,2026-05-12T14:06:00+00:00,CUS-00281,United Kingdom,GBP,427.51,85.50,513.01,refunded
ORD-000223,2026-05-12T15:19:00+00:00,CUS-00174,Europe,EUR,595.81,119.16,714.97,pending
ORD-000224,2026-05-12T16:32:00+00:00,CUS-00168,United Kingdom,GBP,555.21,111.04,666.25,pending
ORD-000225,2026-05-12T17:45:00+00:00,CUS-00368,North America,USD,130.27,10.42,140.69,completed
ORD-000226,2026-05-12T18:58:00+00:00,CUS-00393,United Kingdom,GBP,568.96,113.79,682.75,refunded
ORD-000227,2026-05-12T20:11:00+00:00,CUS-00062,United Kingdom,GBP,647.59,129.52,777.11,completed
ORD-000228,2026-05-12T21:24:00+00:00,CUS-00203,North America,USD,212.46,17.00,229.46,completed
ORD-000229,2026-05-12T22:37:00+00:00,CUS-00315,Europe,EUR,383.09,76.62,459.71,completed
ORD-000230,2026-05-12T23:50:00+00:00,CUS-00227,United Kingdom,GBP,314.15,62.83,376.98,completed
ORD-000231,2026-05-13T01:03:00+00:00,CUS-00315,North America,USD,235.56,18.84,254.40,completed
ORD-000232,2026-05-13T02:16:00+00:00,CUS-00373,Europe,EUR,182.04,36.41,218.45,pending
ORD-000233,2026-05-13T03:29:00+00:00,CUS-00216,Europe,EUR,214.59,42.92,257.51,completed
ORD-000234,2026-05-13T04:42:00+00:00,CUS-00026,North America,USD,155.17,12.41,167.58,completed
ORD-000235,2026-05-13T05:55:00+00:00,CUS-00065,United Kingdom,GBP,179.21,35.84,215.05,completed
ORD-000236,2026-05-13T07:08:00+00:00,CUS-00074,Europe,EUR,640.63,128.13,768.76,completed
ORD-000237,2026-05-13T08:21:00+00:00,CUS-00193,North America,USD,202.97,16.24,219.21,completed
ORD-000238,2026-05-13T09:34:00+00:00,CUS-00009,Europe,EUR,458.15,91.63,549.78,pending
ORD-000239,2026-05-13T10:47:00+00:00,CUS-00266,United Kingdom,GBP,396.14,79.23,475.37,completed
ORD-000240,2026-05-13T12:00:00+00:00,CUS-00238,Europe,EUR,191.61,38.32,229.93,pending
ORD-000241,2026-05-13T13:13:00+00:00,CUS-00238,North America,USD,390.81,31.26,422.07,refunded
ORD-000242,2026-05-13T14:26:00+00:00,CUS-00319,United Kingdom,GBP,356.75,71.35,428.10,completed
ORD-000243,2026-05-13T15:39:00+00:00,CUS-00352,North America,USD,220.81,17.66,238.47,completed
ORD-000244,2026-05-13T16:52:00+00:00,CUS-00207,United Kingdom,GBP,459.92,91.98,551.90,completed
ORD-000245,2026-05-13T18:05:00+00:00,CUS-00021,Europe,EUR,513.35,102.67,616.02,completed
ORD-000246,2026-05-13T19:18:00+00:00,CUS-00190,North America,USD,290.91,23.27,314.18,completed
ORD-000247,2026-05-13T20:31:00+00:00,CUS-00007,United Kingdom,GBP,34.31,6.86,41.17,completed
ORD-000248,2026-05-13T21:44:00+00:00,CUS-00240,Europe,EUR,232.43,46.49,278.92,completed
ORD-000249,2026-05-13T22:57:00+00:00,CUS-00357,North America,USD,629.83,50.39,680.22,completed
ORD-000250,2026-05-14T00:10:00+00:00,CUS-00266,Europe,EUR,19.30,3.86,23.16,completed
ORD-000251,2026-05-14T01:23:00+00:00,CUS-00121,Europe,EUR,429.42,85.88,515.30,completed
ORD-000252,2026-05-14T02:36:00+00:00,CUS-00247,Europe,EUR,626.26,125.25,751.51,refunded
ORD-000253,2026-05-14T03:49:00+00:00,CUS-00021,Europe,EUR,603.92,120.78,724.70,completed
ORD-000254,2026-05-14T05:02:00+00:00,CUS-00277,Europe,EUR,636.30,127.26,763.56,refunded
ORD-000255,2026-05-14T06:15:00+00:00,CUS-00395,North America,USD,499.43,39.95,539.38,completed
ORD-000256,2026-05-14T07:28:00+00:00,CUS-00073,North America,USD,86.98,6.96,93.94,completed
ORD-000257,2026-05-14T08:41:00+00:00,CUS-00022,United Kingdom,GBP,25.39,5.08,30.47,completed
ORD-000258,2026-05-14T09:54:00+00:00,CUS-00027,Europe,EUR,635.42,127.08,762.50,completed
ORD-000259,2026-05-14T11:07:00+00:00,CUS-00007,United Kingdom,GBP,543.16,108.63,651.79,completed
ORD-000260,2026-05-14T12:20:00+00:00,CUS-00304,Europe,EUR,556.14,111.23,667.37,completed
ORD-000261,2026-05-14T13:33:00+00:00,CUS-00272,North America,USD,62.29,4.98,67.27,completed
ORD-000262,2026-05-14T14:46:00+00:00,CUS-00349,North America,USD,648.19,51.86,700.05,completed
ORD-000263,2026-05-14T15:59:00+00:00,CUS-00185,North America,USD,343.46,27.48,370.94,completed
ORD-000264,2026-05-14T17:12:00+00:00,CUS-00287,North America,USD,304.45,24.36,328.81,completed
ORD-000265,2026-05-14T18:25:00+00:00,CUS-00304,United Kingdom,GBP,468.51,93.70,562.21,refunded
ORD-000266,2026-05-14T19:38:00+00:00,CUS-00387,United Kingdom,GBP,465.13,93.03,558.16,pending
ORD-000267,2026-05-14T20:51:00+00:00,CUS-00364,Europe,EUR,182.92,36.58,219.50,completed
ORD-000268,2026-05-14T22:04:00+00:00,CUS-00105,North America,USD,357.37,28.59,385.96,completed
ORD-000269,2026-05-14T23:17:00+00:00,CUS-00071,Europe,EUR,59.80,11.96,71.76,refunded
ORD-000270,2026-05-15T00:30:00+00:00,CUS-00256,Europe,EUR,124.05,24.81,148.86,completed
ORD-000271,2026-05-15T01:43:00+00:00,CUS-00382,North America,USD,143.52,11.48,155.00,completed
ORD-000272,2026-05-15T02:56:00+00:00,CUS-00297,United Kingdom,GBP,324.68,64.94,389.62,completed
ORD-000273,2026-05-15T04:09:00+00:00,CUS-00388,North America,USD,426.99,34.16,461.15,completed
ORD-000274,2026-05-15T05:22:00+00:00,CUS-00239,Europe,EUR,212.64,42.53,255.17,completed
ORD-000275,2026-05-15T06:35:00+00:00,CUS-00343,North America,USD,566.97,45.36,612.33,completed
ORD-000276,2026-05-15T07:48:00+00:00,CUS-00230,United Kingdom,GBP,141.64,28.33,169.97,completed
ORD-000277,2026-05-15T09:01:00+00:00,CUS-00115,North America,USD,396.87,31.75,428.62,completed
ORD-000278,2026-05-15T10:14:00+00:00,CUS-00247,Europe,EUR,314.34,62.87,377.21,completed
ORD-000279,2026-05-15T11:27:00+00:00,CUS-00312,United Kingdom,GBP,73.54,14.71,88.25,completed
ORD-000280,2026-05-15T12:40:00+00:00,CUS-00182,United Kingdom,GBP,625.16,125.03,750.19,completed
ORD-000281,2026-05-15T13:53:00+00:00,CUS-00104,United Kingdom,GBP,477.33,95.47,572.80,completed
ORD-000282,2026-05-15T15:06:00+00:00,CUS-00274,North America,USD,165.99,13.28,179.27,pending
ORD-000283,2026-05-15T16:19:00+00:00,CUS-00220,Europe,EUR,388.38,77.68,466.06,pending
ORD-000284,2026-05-15T17:32:00+00:00,CUS-00120,United Kingdom,GBP,246.42,49.28,295.70,completed
ORD-000285,2026-05-15T18:45:00+00:00,CUS-00294,Europe,EUR,401.88,80.38,482.26,completed
ORD-000286,2026-05-15T19:58:00+00:00,CUS-00319,Europe,EUR,584.63,116.93,701.56,completed
ORD-000287,2026-05-15T21:11:00+00:00,CUS-00134,North America,USD,173.30,13.86,187.16,completed
ORD-000288,2026-05-15T22:24:00+00:00,CUS-00327,United Kingdom,GBP,609.85,121.97,731.82,completed
ORD-000289,2026-05-15T23:37:00+00:00,CUS-00118,United Kingdom,GBP,147.56,29.51,177.07,completed
ORD-000290,2026-05-16T00:50:00+00:00,CUS-00205,Europe,EUR,389.41,77.88,467.29,completed
ORD-000291,2026-05-16T02:03:00+00:00,CUS-00296,North America,USD,551.70,44.14,595.84,completed
ORD-000292,2026-05-16T03:16:00+00:00,CUS-00312,Europe,EUR,171.82,34.36,206.18,completed
ORD-000293,2026-05-16T04:29:00+00:00,CUS-00205,United Kingdom,GBP,223.20,44.64,267.84,completed
ORD-000294,2026-05-16T05:42:00+00:00,CUS-00057,Europe,EUR,42.26,8.45,50.71,completed
ORD-000295,2026-05-16T06:55:00+00:00,CUS-00254,United Kingdom,GBP,483.60,96.72,580.32,refunded
ORD-000296,2026-05-16T08:08:00+00:00,CUS-00171,United Kingdom,GBP,631.14,126.23,757.37,completed
ORD-000297,2026-05-16T09:21:00+00:00,CUS-00385,North America,USD,195.06,15.60,210.66,completed
ORD-000298,2026-05-16T10:34:00+00:00,CUS-00033,North America,USD,141.45,11.32,152.77,completed
ORD-000299,2026-05-16T11:47:00+00:00,CUS-00293,United Kingdom,GBP,596.90,119.38,716.28,completed
ORD-000300,2026-05-16T13:00:00+00:00,CUS-00265,North America,USD,570.58,45.65,616.23,refunded
ORD-000301,2026-05-16T14:13:00+00:00,CUS-00272,United Kingdom,GBP,266.55,53.31,319.86,completed
ORD-000302,2026-05-16T15:26:00+00:00,CUS-00293,United Kingdom,GBP,639.38,127.88,767.26,completed
ORD-000303,2026-05-16T16:39:00+00:00,CUS-00020,Europe,EUR,316.77,63.35,380.12,completed
ORD-000304,2026-05-16T17:52:00+00:00,CUS-00023,Europe,EUR,158.22,31.64,189.86,refunded
ORD-000305,2026-05-16T19:05:00+00:00,CUS-00288,United Kingdom,GBP,206.38,41.28,247.66,completed
ORD-000306,2026-05-16T20:18:00+00:00,CUS-00385,Europe,EUR,484.96,96.99,581.95,refunded
ORD-000307,2026-05-16T21:31:00+00:00,CUS-00224,United Kingdom,GBP,67.07,13.41,80.48,pending
ORD-000308,2026-05-16T22:44:00+00:00,CUS-00140,Europe,EUR,45.22,9.04,54.26,pending
ORD-000309,2026-05-16T23:57:00+00:00,CUS-00250,Europe,EUR,113.63,22.73,136.36,completed
ORD-000310,2026-05-17T01:10:00+00:00,CUS-00052,United Kingdom,GBP,98.44,19.69,118.13,completed
ORD-000311,2026-05-17T02:23:00+00:00,CUS-00339,Europe,EUR,410.44,82.09,492.53,refunded
ORD-000312,2026-05-17T03:36:00+00:00,CUS-00018,Europe,EUR,605.24,121.05,726.29,completed
ORD-000313,2026-05-17T04:49:00+00:00,CUS-00400,Europe,EUR,34.75,6.95,41.70,completed
ORD-000314,2026-05-17T06:02:00+00:00,CUS-00189,United Kingdom,GBP,487.67,97.53,585.20,completed
ORD-000315,2026-05-17T07:15:00+00:00,CUS-00238,United Kingdom,GBP,242.45,48.49,290.94,completed
ORD-000316,2026-05-17T08:28:00+00:00,CUS-00126,United Kingdom,GBP,327.46,65.49,392.95,completed
ORD-000317,2026-05-17T09:41:00+00:00,CUS-00219,United Kingdom,GBP,21.28,4.26,25.54,refunded
ORD-000318,2026-05-17T10:54:00+00:00,CUS-00076,Europe,EUR,249.45,49.89,299.34,completed
ORD-000319,2026-05-17T12:07:00+00:00,CUS-00016,United Kingdom,GBP,76.07,15.21,91.28,completed
ORD-000320,2026-05-17T13:20:00+00:00,CUS-00329,North America,USD,230.02,18.40,248.42,completed
ORD-000321,2026-05-17T14:33:00+00:00,CUS-00254,Europe,EUR,37.34,7.47,44.81,refunded
ORD-000322,2026-05-17T15:46:00+00:00,CUS-00086,Europe,EUR,334.66,66.93,401.59,pending
ORD-000323,2026-05-17T16:59:00+00:00,CUS-00073,Europe,EUR,111.19,22.24,133.43,completed
ORD-000324,2026-05-17T18:12:00+00:00,CUS-00157,United Kingdom,GBP,624.34,124.87,749.21,completed
ORD-000325,2026-05-17T19:25:00+00:00,CUS-00358,Europe,EUR,436.73,87.35,524.08,completed
ORD-000326,2026-05-17T20:38:00+00:00,CUS-00103,North America,USD,318.57,25.49,344.06,completed
ORD-000327,2026-05-17T21:51:00+00:00,CUS-00344,United Kingdom,GBP,77.86,15.57,93.43,completed
ORD-000328,2026-05-17T23:04:00+00:00,CUS-00089,United Kingdom,GBP,473.60,94.72,568.32,completed
ORD-000329,2026-05-18T00:17:00+00:00,CUS-00047,Europe,EUR,441.37,88.27,529.64,completed
ORD-000330,2026-05-18T01:30:00+00:00,CUS-00220,Europe,EUR,122.73,24.55,147.28,completed
ORD-000331,2026-05-18T02:43:00+00:00,CUS-00322,Europe,EUR,150.48,30.10,180.58,completed
ORD-000332,2026-05-18T03:56:00+00:00,CUS-00340,Europe,EUR,370.65,74.13,444.78,completed
ORD-000333,2026-05-18T05:09:00+00:00,CUS-00148,North America,USD,457.73,36.62,494.35,completed
ORD-000334,2026-05-18T06:22:00+00:00,CUS-00023,United Kingdom,GBP,541.68,108.34,650.02,completed
ORD-000335,2026-05-18T07:35:00+00:00,CUS-00199,Europe,EUR,68.93,13.79,82.72,completed
ORD-000336,2026-05-18T08:48:00+00:00,CUS-00184,United Kingdom,GBP,522.67,104.53,627.20,completed
ORD-000337,2026-05-18T10:01:00+00:00,CUS-00046,United Kingdom,GBP,240.66,48.13,288.79,completed
ORD-000338,2026-05-18T11:14:00+00:00,CUS-00382,North America,USD,500.80,40.06,540.86,completed
ORD-000339,2026-05-18T12:27:00+00:00,CUS-00284,Europe,EUR,190.68,38.14,228.82,completed
ORD-000340,2026-05-18T13:40:00+00:00,CUS-00064,Europe,EUR,642.87,128.57,771.44,completed
ORD-000341,2026-05-18T14:53:00+00:00,CUS-00003,North America,USD,332.65,26.61,359.26,pending
ORD-000342,2026-05-18T16:06:00+00:00,CUS-00354,North America,USD,73.73,5.90,79.63,refunded
ORD-000343,2026-05-18T17:19:00+00:00,CUS-00036,United Kingdom,GBP,410.28,82.06,492.34,completed
ORD-000344,2026-05-18T18:32:00+00:00,CUS-00244,United Kingdom,GBP,503.57,100.71,604.28,completed
ORD-000345,2026-05-18T19:45:00+00:00,CUS-00291,United Kingdom,GBP,31.76,6.35,38.11,refunded
ORD-000346,2026-05-18T20:58:00+00:00,CUS-00315,North America,USD,639.77,51.18,690.95,completed
ORD-000347,2026-05-18T22:11:00+00:00,CUS-00390,Europe,EUR,548.61,109.72,658.33,completed
ORD-000348,2026-05-18T23:24:00+00:00,CUS-00262,Europe,EUR,582.49,116.50,698.99,pending
ORD-000349,2026-05-19T00:37:00+00:00,CUS-00381,North America,USD,501.60,40.13,541.73,pending
ORD-000350,2026-05-19T01:50:00+00:00,CUS-00109,Europe,EUR,56.94,11.39,68.33,completed
ORD-000351,2026-05-19T03:03:00+00:00,CUS-00303,North America,USD,616.12,49.29,665.41,completed
ORD-000352,2026-05-19T04:16:00+00:00,CUS-00001,North America,USD,446.30,35.70,482.00,completed
ORD-000353,2026-05-19T05:29:00+00:00,CUS-00274,North America,USD,473.55,37.88,511.43,completed
ORD-000354,2026-05-19T06:42:00+00:00,CUS-00015,United Kingdom,GBP,126.81,25.36,152.17,completed
ORD-000355,2026-05-19T07:55:00+00:00,CUS-00247,United Kingdom,GBP,573.75,114.75,688.50,completed
ORD-000356,2026-05-19T09:08:00+00:00,CUS-00274,United Kingdom,GBP,576.01,115.20,691.21,completed
ORD-000357,2026-05-19T10:21:00+00:00,CUS-00378,United Kingdom,GBP,568.71,113.74,682.45,refunded
ORD-000358,2026-05-19T11:34:00+00:00,CUS-00381,North America,USD,152.33,12.19,164.52,completed
ORD-000359,2026-05-19T12:47:00+00:00,CUS-00313,North America,USD,398.16,31.85,430.01,completed
ORD-000360,2026-05-19T14:00:00+00:00,CUS-00381,United Kingdom,GBP,618.46,123.69,742.15,refunded
ORD-000361,2026-05-19T15:13:00+00:00,CUS-00174,Europe,EUR,248.46,49.69,298.15,completed
ORD-000362,2026-05-19T16:26:00+00:00,CUS-00364,Europe,EUR,86.89,17.38,104.27,completed
ORD-000363,2026-05-19T17:39:00+00:00,CUS-00119,North America,USD,444.35,35.55,479.90,pending
ORD-000364,2026-05-19T18:52:00+00:00,CUS-00183,United Kingdom,GBP,350.48,70.10,420.58,completed
ORD-000365,2026-05-19T20:05:00+00:00,CUS-00071,North America,USD,71.32,5.71,77.03,pending
ORD-000366,2026-05-19T21:18:00+00:00,CUS-00279,North America,USD,496.47,39.72,536.19,completed
ORD-000367,2026-05-19T22:31:00+00:00,CUS-00346,North America,USD,558.52,44.68,603.20,completed
ORD-000368,2026-05-19T23:44:00+00:00,CUS-00051,United Kingdom,GBP,85.85,17.17,103.02,completed
ORD-000369,2026-05-20T00:57:00+00:00,CUS-00207,United Kingdom,GBP,597.58,119.52,717.10,completed
ORD-000370,2026-05-20T02:10:00+00:00,CUS-00108,Europe,EUR,525.27,105.05,630.32,completed
ORD-000371,2026-05-20T03:23:00+00:00,CUS-00191,United Kingdom,GBP,191.68,38.34,230.02,completed
ORD-000372,2026-05-20T04:36:00+00:00,CUS-00382,North America,USD,359.04,28.72,387.76,completed
ORD-000373,2026-05-20T05:49:00+00:00,CUS-00129,North America,USD,368.54,29.48,398.02,completed
ORD-000374,2026-05-20T07:02:00+00:00,CUS-00307,North America,USD,476.06,38.08,514.14,completed
ORD-000375,2026-05-20T08:15:00+00:00,CUS-00206,United Kingdom,GBP,140.38,28.08,168.46,completed
ORD-000376,2026-05-20T09:28:00+00:00,CUS-00171,North America,USD,521.28,41.70,562.98,completed
ORD-000377,2026-05-20T10:41:00+00:00,CUS-00135,North America,USD,582.05,46.56,628.61,completed
ORD-000378,2026-05-20T11:54:00+00:00,CUS-00101,North America,USD,582.96,46.64,629.60,completed
ORD-000379,2026-05-20T13:07:00+00:00,CUS-00357,North America,USD,317.80,25.42,343.22,completed
ORD-000380,2026-05-20T14:20:00+00:00,CUS-00152,Europe,EUR,395.46,79.09,474.55,completed
ORD-000381,2026-05-20T15:33:00+00:00,CUS-00203,North America,USD,316.81,25.34,342.15,completed
ORD-000382,2026-05-20T16:46:00+00:00,CUS-00381,Europe,EUR,532.45,106.49,638.94,completed
ORD-000383,2026-05-20T17:59:00+00:00,CUS-00158,North America,USD,404.89,32.39,437.28,completed
ORD-000384,2026-05-20T19:12:00+00:00,CUS-00164,Europe,EUR,196.40,39.28,235.68,completed
ORD-000385,2026-05-20T20:25:00+00:00,CUS-00109,Europe,EUR,581.27,116.25,697.52,completed
ORD-000386,2026-05-20T21:38:00+00:00,CUS-00348,United Kingdom,GBP,190.86,38.17,229.03,refunded
ORD-000387,2026-05-20T22:51:00+00:00,CUS-00397,Europe,EUR,612.53,122.51,735.04,completed
ORD-000388,2026-05-21T00:04:00+00:00,CUS-00022,North America,USD,369.44,29.56,399.00,completed
ORD-000389,2026-05-21T01:17:00+00:00,CUS-00211,North America,USD,231.15,18.49,249.64,pending
ORD-000390,2026-05-21T02:30:00+00:00,CUS-00227,Europe,EUR,499.34,99.87,599.21,completed
ORD-000391,2026-05-21T03:43:00+00:00,CUS-00334,Europe,EUR,331.39,66.28,397.67,completed
ORD-000392,2026-05-21T04:56:00+00:00,CUS-00044,United Kingdom,GBP,115.74,23.15,138.89,completed
ORD-000393,2026-05-21T06:09:00+00:00,CUS-00355,North America,USD,348.23,27.86,376.09,completed
ORD-000394,2026-05-21T07:22:00+00:00,CUS-00309,United Kingdom,GBP,342.28,68.46,410.74,completed
ORD-000395,2026-05-21T08:35:00+00:00,CUS-00164,United Kingdom,GBP,168.06,33.61,201.67,completed
ORD-000396,2026-05-21T09:48:00+00:00,CUS-00251,North America,USD,447.39,35.79,483.18,completed
ORD-000397,2026-05-21T11:01:00+00:00,CUS-00065,Europe,EUR,133.56,26.71,160.27,completed
ORD-000398,2026-05-21T12:14:00+00:00,CUS-00055,Europe,EUR,60.23,12.05,72.28,completed
ORD-000399,2026-05-21T13:27:00+00:00,CUS-00042,North America,USD,309.73,24.78,334.51,completed
ORD-000400,2026-05-21T14:40:00+00:00,CUS-00317,Europe,EUR,441.19,88.24,529.43,completed
ORD-000401,2026-05-21T15:53:00+00:00,CUS-00384,Europe,EUR,382.43,76.49,458.92,completed
ORD-000402,2026-05-21T17:06:00+00:00,CUS-00238,Europe,EUR,335.03,67.01,402.04,pending
ORD-000403,2026-05-21T18:19:00+00:00,CUS-00243,Europe,EUR,294.62,58.92,353.54,completed
ORD-000404,2026-05-21T19:32:00+00:00,CUS-00143,North America,USD,146.84,11.75,158.59,completed
ORD-000405,2026-05-21T20:45:00+00:00,CUS-00076,United Kingdom,GBP,376.68,75.34,452.02,completed
ORD-000406,2026-05-21T21:58:00+00:00,CUS-00006,United Kingdom,GBP,227.16,45.43,272.59,completed
ORD-000407,2026-05-21T23:11:00+00:00,CUS-00022,Europe,EUR,573.29,114.66,687.95,completed
ORD-000408,2026-05-22T00:24:00+00:00,CUS-00021,United Kingdom,GBP,420.42,84.08,504.50,completed
ORD-000409,2026-05-22T01:37:00+00:00,CUS-00054,North America,USD,620.81,49.66,670.47,completed
ORD-000410,2026-05-22T02:50:00+00:00,CUS-00265,United Kingdom,GBP,293.23,58.65,351.88,completed
ORD-000411,2026-05-22T04:03:00+00:00,CUS-00019,United Kingdom,GBP,558.01,111.60,669.61,completed
ORD-000412,2026-05-22T05:16:00+00:00,CUS-00151,Europe,EUR,31.37,6.27,37.64,completed
ORD-000413,2026-05-22T06:29:00+00:00,CUS-00144,United Kingdom,GBP,457.09,91.42,548.51,completed
ORD-000414,2026-05-22T07:42:00+00:00,CUS-00161,United Kingdom,GBP,342.02,68.40,410.42,refunded
ORD-000415,2026-05-22T08:55:00+00:00,CUS-00254,Europe,EUR,293.63,58.73,352.36,completed
ORD-000416,2026-05-22T10:08:00+00:00,CUS-00348,Europe,EUR,315.89,63.18,379.07,refunded
ORD-000417,2026-05-22T11:21:00+00:00,CUS-00105,North America,USD,470.53,37.64,508.17,completed
ORD-000418,2026-05-22T12:34:00+00:00,CUS-00193,Europe,EUR,405.20,81.04,486.24,completed
ORD-000419,2026-05-22T13:47:00+00:00,CUS-00281,Europe,EUR,580.83,116.17,697.00,completed
ORD-000420,2026-05-22T15:00:00+00:00,CUS-00313,North America,USD,212.78,17.02,229.80,refunded
ORD-000421,2026-05-22T16:13:00+00:00,CUS-00141,Europe,EUR,62.92,12.58,75.50,completed
ORD-000422,2026-05-22T17:26:00+00:00,CUS-00035,Europe,EUR,96.44,19.29,115.73,completed
ORD-000423,2026-05-22T18:39:00+00:00,CUS-00151,Europe,EUR,598.87,119.77,718.64,completed
ORD-000424,2026-05-22T19:52:00+00:00,CUS-00011,Europe,EUR,170.35,34.07,204.42,completed
ORD-000425,2026-05-22T21:05:00+00:00,CUS-00291,North America,USD,53.24,4.26,57.50,completed
ORD-000426,2026-05-22T22:18:00+00:00,CUS-00253,North America,USD,435.07,34.81,469.88,completed
ORD-000427,2026-05-22T23:31:00+00:00,CUS-00031,United Kingdom,GBP,493.90,98.78,592.68,completed
ORD-000428,2026-05-23T00:44:00+00:00,CUS-00044,Europe,EUR,248.47,49.69,298.16,completed
ORD-000429,2026-05-23T01:57:00+00:00,CUS-00030,Europe,EUR,550.81,110.16,660.97,completed
ORD-000430,2026-05-23T03:10:00+00:00,CUS-00246,Europe,EUR,452.07,90.41,542.48,completed
ORD-000431,2026-05-23T04:23:00+00:00,CUS-00008,United Kingdom,GBP,117.50,23.50,141.00,completed
ORD-000432,2026-05-23T05:36:00+00:00,CUS-00027,Europe,EUR,427.69,85.54,513.23,completed
ORD-000433,2026-05-23T06:49:00+00:00,CUS-00131,North America,USD,315.41,25.23,340.64,refunded
ORD-000434,2026-05-23T08:02:00+00:00,CUS-00108,North America,USD,172.46,13.80,186.26,completed
ORD-000435,2026-05-23T09:15:00+00:00,CUS-00383,North America,USD,440.26,35.22,475.48,completed
ORD-000436,2026-05-23T10:28:00+00:00,CUS-00031,Europe,EUR,566.92,113.38,680.30,completed
ORD-000437,2026-05-23T11:41:00+00:00,CUS-00057,North America,USD,614.65,49.17,663.82,completed
ORD-000438,2026-05-23T12:54:00+00:00,CUS-00101,United Kingdom,GBP,415.43,83.09,498.52,completed
ORD-000439,2026-05-23T14:07:00+00:00,CUS-00305,United Kingdom,GBP,322.52,64.50,387.02,completed
ORD-000440,2026-05-23T15:20:00+00:00,CUS-00250,North America,USD,613.38,49.07,662.45,completed
ORD-000441,2026-05-23T16:33:00+00:00,CUS-00175,North America,USD,635.33,50.83,686.16,completed
ORD-000442,2026-05-23T17:46:00+00:00,CUS-00077,United Kingdom,GBP,345.67,69.13,414.80,completed
ORD-000443,2026-05-23T18:59:00+00:00,CUS-00376,Europe,EUR,484.56,96.91,581.47,completed
ORD-000444,2026-05-23T20:12:00+00:00,CUS-00063,Europe,EUR,177.97,35.59,213.56,completed
ORD-000445,2026-05-23T21:25:00+00:00,CUS-00321,United Kingdom,GBP,197.55,39.51,237.06,completed
ORD-000446,2026-05-23T22:38:00+00:00,CUS-00237,United Kingdom,GBP,228.23,45.65,273.88,completed
ORD-000447,2026-05-23T23:51:00+00:00,CUS-00002,Europe,EUR,241.69,48.34,290.03,completed
ORD-000448,2026-05-24T01:04:00+00:00,CUS-00323,United Kingdom,GBP,76.48,15.30,91.78,completed
ORD-000449,2026-05-24T02:17:00+00:00,CUS-00360,Europe,EUR,596.14,119.23,715.37,completed
ORD-000450,2026-05-24T03:30:00+00:00,CUS-00080,Europe,EUR,275.27,55.05,330.32,refunded
ORD-000451,2026-05-24T04:43:00+00:00,CUS-00392,North America,USD,298.54,23.88,322.42,completed
ORD-000452,2026-05-24T05:56:00+00:00,CUS-00370,United Kingdom,GBP,90.04,18.01,108.05,completed
ORD-000453,2026-05-24T07:09:00+00:00,CUS-00133,United Kingdom,GBP,63.90,12.78,76.68,completed
ORD-000454,2026-05-24T08:22:00+00:00,CUS-00231,Europe,EUR,235.65,47.13,282.78,completed
ORD-000455,2026-05-24T09:35:00+00:00,CUS-00187,Europe,EUR,213.97,42.79,256.76,completed
ORD-000456,2026-05-24T10:48:00+00:00,CUS-00360,North America,USD,391.17,31.29,422.46,completed
ORD-000457,2026-05-24T12:01:00+00:00,CUS-00064,North America,USD,21.59,1.73,23.32,completed
ORD-000458,2026-05-24T13:14:00+00:00,CUS-00137,Europe,EUR,613.46,122.69,736.15,pending
ORD-000459,2026-05-24T14:27:00+00:00,CUS-00367,United Kingdom,GBP,278.93,55.79,334.72,completed
ORD-000460,2026-05-24T15:40:00+00:00,CUS-00272,Europe,EUR,512.47,102.49,614.96,completed
ORD-000461,2026-05-24T16:53:00+00:00,CUS-00054,North America,USD,194.19,15.54,209.73,completed
ORD-000462,2026-05-24T18:06:00+00:00,CUS-00363,North America,USD,470.57,37.65,508.22,completed
ORD-000463,2026-05-24T19:19:00+00:00,CUS-00121,United Kingdom,GBP,453.30,90.66,543.96,completed
ORD-000464,2026-05-24T20:32:00+00:00,CUS-00378,United Kingdom,GBP,631.56,126.31,757.87,completed
ORD-000465,2026-05-24T21:45:00+00:00,CUS-00330,United Kingdom,GBP,26.23,5.25,31.48,completed
ORD-000466,2026-05-24T22:58:00+00:00,CUS-00303,Europe,EUR,386.79,77.36,464.15,pending
ORD-000467,2026-05-25T00:11:00+00:00,CUS-00082,Europe,EUR,625.84,125.17,751.01,completed
ORD-000468,2026-05-25T01:24:00+00:00,CUS-00235,United Kingdom,GBP,473.99,94.80,568.79,completed
ORD-000469,2026-05-25T02:37:00+00:00,CUS-00271,Europe,EUR,390.50,78.10,468.60,completed
ORD-000470,2026-05-25T03:50:00+00:00,CUS-00025,United Kingdom,GBP,435.74,87.15,522.89,pending
ORD-000471,2026-05-25T05:03:00+00:00,CUS-00295,North America,USD,132.13,10.57,142.70,pending
ORD-000472,2026-05-25T06:16:00+00:00,CUS-00399,United Kingdom,GBP,89.54,17.91,107.45,completed
ORD-000473,2026-05-25T07:29:00+00:00,CUS-00323,North America,USD,570.23,45.62,615.85,completed
ORD-000474,2026-05-25T08:42:00+00:00,CUS-00126,Europe,EUR,496.21,99.24,595.45,completed
ORD-000475,2026-05-25T09:55:00+00:00,CUS-00202,North America,USD,257.45,20.60,278.05,completed
ORD-000476,2026-05-25T11:08:00+00:00,CUS-00237,North America,USD,242.34,19.39,261.73,completed
ORD-000477,2026-05-25T12:21:00+00:00,CUS-00181,Europe,EUR,132.77,26.55,159.32,completed
ORD-000478,2026-05-25T13:34:00+00:00,CUS-00375,United Kingdom,GBP,448.80,89.76,538.56,refunded
ORD-000479,2026-05-25T14:47:00+00:00,CUS-00185,North America,USD,627.21,50.18,677.39,completed
ORD-000480,2026-05-25T16:00:00+00:00,CUS-00222,North America,USD,95.23,7.62,102.85,pending
ORD-000481,2026-05-25T17:13:00+00:00,CUS-00122,North America,USD,97.77,7.82,105.59,refunded
ORD-000482,2026-05-25T18:26:00+00:00,CUS-00306,Europe,EUR,302.68,60.54,363.22,completed
ORD-000483,2026-05-25T19:39:00+00:00,CUS-00303,Europe,EUR,238.18,47.64,285.82,completed
ORD-000484,2026-05-25T20:52:00+00:00,CUS-00214,Europe,EUR,67.84,13.57,81.41,completed
ORD-000485,2026-05-25T22:05:00+00:00,CUS-00015,Europe,EUR,71.04,14.21,85.25,completed
ORD-000486,2026-05-25T23:18:00+00:00,CUS-00252,Europe,EUR,60.97,12.19,73.16,refunded
ORD-000487,2026-05-26T00:31:00+00:00,CUS-00016,Europe,EUR,91.58,18.32,109.90,completed
ORD-000488,2026-05-26T01:44:00+00:00,CUS-00147,United Kingdom,GBP,640.43,128.09,768.52,completed
ORD-000489,2026-05-26T02:57:00+00:00,CUS-00293,Europe,EUR,147.90,29.58,177.48,completed
ORD-000490,2026-05-26T04:10:00+00:00,CUS-00014,United Kingdom,GBP,486.30,97.26,583.56,completed
ORD-000491,2026-05-26T05:23:00+00:00,CUS-00291,North America,USD,318.43,25.47,343.90,refunded
ORD-000492,2026-05-26T06:36:00+00:00,CUS-00049,Europe,EUR,117.98,23.60,141.58,completed
ORD-000493,2026-05-26T07:49:00+00:00,CUS-00324,North America,USD,427.10,34.17,461.27,completed
ORD-000494,2026-05-26T09:02:00+00:00,CUS-00079,Europe,EUR,238.21,47.64,285.85,completed
ORD-000495,2026-05-26T10:15:00+00:00,CUS-00336,Europe,EUR,221.00,44.20,265.20,pending
ORD-000496,2026-05-26T11:28:00+00:00,CUS-00253,United Kingdom,GBP,296.19,59.24,355.43,completed
ORD-000497,2026-05-26T12:41:00+00:00,CUS-00374,North America,USD,223.89,17.91,241.80,completed
ORD-000498,2026-05-26T13:54:00+00:00,CUS-00377,United Kingdom,GBP,511.23,102.25,613.48,completed
ORD-000499,2026-05-26T15:07:00+00:00,CUS-00367,United Kingdom,GBP,118.07,23.61,141.68,completed
ORD-000500,2026-05-26T16:20:00+00:00,CUS-00316,North America,USD,86.37,6.91,93.28,completed
ORD-000501,2026-05-26T17:33:00+00:00,CUS-00190,United Kingdom,GBP,571.43,114.29,685.72,completed
ORD-000502,2026-05-26T18:46:00+00:00,CUS-00048,Europe,EUR,447.44,89.49,536.93,completed
ORD-000503,2026-05-26T19:59:00+00:00,CUS-00187,Europe,EUR,302.28,60.46,362.74,completed
ORD-000504,2026-05-26T21:12:00+00:00,CUS-00114,United Kingdom,GBP,385.41,77.08,462.49,completed
ORD-000505,2026-05-26T22:25:00+00:00,CUS-00030,North America,USD,265.41,21.23,286.64,completed
ORD-000506,2026-05-26T23:38:00+00:00,CUS-00152,United Kingdom,GBP,371.27,74.25,445.52,completed
ORD-000507,2026-05-27T00:51:00+00:00,CUS-00089,Europe,EUR,171.26,34.25,205.51,refunded
ORD-000508,2026-05-27T02:04:00+00:00,CUS-00330,North America,USD,407.20,32.58,439.78,pending
ORD-000509,2026-05-27T03:17:00+00:00,CUS-00360,North America,USD,323.38,25.87,349.25,completed
ORD-000510,2026-05-27T04:30:00+00:00,CUS-00249,United Kingdom,GBP,566.58,113.32,679.90,completed
ORD-000511,2026-05-27T05:43:00+00:00,CUS-00120,North America,USD,202.77,16.22,218.99,completed
ORD-000512,2026-05-27T06:56:00+00:00,CUS-00135,North America,USD,33.85,2.71,36.56,completed
ORD-000513,2026-05-27T08:09:00+00:00,CUS-00168,North America,USD,621.36,49.71,671.07,pending
ORD-000514,2026-05-27T09:22:00+00:00,CUS-00228,United Kingdom,GBP,226.70,45.34,272.04,completed
ORD-000515,2026-05-27T10:35:00+00:00,CUS-00374,Europe,EUR,270.43,54.09,324.52,completed
ORD-000516,2026-05-27T11:48:00+00:00,CUS-00298,United Kingdom,GBP,315.54,63.11,378.65,refunded
ORD-000517,2026-05-27T13:01:00+00:00,CUS-00087,North America,USD,362.13,28.97,391.10,refunded
ORD-000518,2026-05-27T14:14:00+00:00,CUS-00324,Europe,EUR,393.78,78.76,472.54,refunded
ORD-000519,2026-05-27T15:27:00+00:00,CUS-00188,United Kingdom,GBP,490.73,98.15,588.88,completed
ORD-000520,2026-05-27T16:40:00+00:00,CUS-00224,Europe,EUR,455.18,91.04,546.22,completed
ORD-000521,2026-05-27T17:53:00+00:00,CUS-00175,United Kingdom,GBP,257.82,51.56,309.38,completed
ORD-000522,2026-05-27T19:06:00+00:00,CUS-00147,North America,USD,106.76,8.54,115.30,completed
ORD-000523,2026-05-27T20:19:00+00:00,CUS-00304,North America,USD,86.55,6.92,93.47,completed
ORD-000524,2026-05-27T21:32:00+00:00,CUS-00170,North America,USD,355.00,28.40,383.40,refunded
ORD-000525,2026-05-27T22:45:00+00:00,CUS-00372,Europe,EUR,457.57,91.51,549.08,completed
ORD-000526,2026-05-27T23:58:00+00:00,CUS-00282,North America,USD,373.63,29.89,403.52,completed
ORD-000527,2026-05-28T01:11:00+00:00,CUS-00370,United Kingdom,GBP,636.13,127.23,763.36,completed
ORD-000528,2026-05-28T02:24:00+00:00,CUS-00364,United Kingdom,GBP,24.08,4.82,28.90,refunded
ORD-000529,2026-05-28T03:37:00+00:00,CUS-00137,United Kingdom,GBP,645.80,129.16,774.96,completed
ORD-000530,2026-05-28T04:50:00+00:00,CUS-00241,United Kingdom,GBP,603.95,120.79,724.74,pending
ORD-000531,2026-05-28T06:03:00+00:00,CUS-00229,United Kingdom,GBP,49.95,9.99,59.94,completed
ORD-000532,2026-05-28T07:16:00+00:00,CUS-00063,Europe,EUR,224.56,44.91,269.47,completed
ORD-000533,2026-05-28T08:29:00+00:00,CUS-00232,Europe,EUR,318.79,63.76,382.55,completed
ORD-000534,2026-05-28T09:42:00+00:00,CUS-00089,United Kingdom,GBP,418.59,83.72,502.31,completed
ORD-000535,2026-05-28T10:55:00+00:00,CUS-00235,Europe,EUR,485.04,97.01,582.05,completed
ORD-000536,2026-05-28T12:08:00+00:00,CUS-00169,United Kingdom,GBP,387.48,77.50,464.98,completed
ORD-000537,2026-05-28T13:21:00+00:00,CUS-00199,United Kingdom,GBP,154.42,30.88,185.30,pending
ORD-000538,2026-05-28T14:34:00+00:00,CUS-00283,United Kingdom,GBP,622.31,124.46,746.77,completed
ORD-000539,2026-05-28T15:47:00+00:00,CUS-00069,United Kingdom,GBP,561.90,112.38,674.28,pending
ORD-000540,2026-05-28T17:00:00+00:00,CUS-00318,North America,USD,32.27,2.58,34.85,completed
ORD-000541,2026-05-28T18:13:00+00:00,CUS-00285,North America,USD,211.06,16.88,227.94,completed
ORD-000542,2026-05-28T19:26:00+00:00,CUS-00209,North America,USD,311.44,24.92,336.36,completed
ORD-000543,2026-05-28T20:39:00+00:00,CUS-00243,Europe,EUR,528.84,105.77,634.61,completed
ORD-000544,2026-05-28T21:52:00+00:00,CUS-00204,United Kingdom,GBP,186.43,37.29,223.72,completed
ORD-000545,2026-05-28T23:05:00+00:00,CUS-00291,Europe,EUR,162.09,32.42,194.51,completed
ORD-000546,2026-05-29T00:18:00+00:00,CUS-00129,North America,USD,207.68,16.61,224.29,completed
ORD-000547,2026-05-29T01:31:00+00:00,CUS-00396,Europe,EUR,606.57,121.31,727.88,completed
ORD-000548,2026-05-29T02:44:00+00:00,CUS-00066,North America,USD,644.67,51.57,696.24,refunded
ORD-000549,2026-05-29T03:57:00+00:00,CUS-00063,United Kingdom,GBP,580.02,116.00,696.02,completed
ORD-000550,2026-05-29T05:10:00+00:00,CUS-00282,Europe,EUR,631.73,126.35,758.08,pending
ORD-000551,2026-05-29T06:23:00+00:00,CUS-00333,United Kingdom,GBP,90.71,18.14,108.85,completed
ORD-000552,2026-05-29T07:36:00+00:00,CUS-00026,Europe,EUR,374.41,74.88,449.29,completed
ORD-000553,2026-05-29T08:49:00+00:00,CUS-00196,North America,USD,502.55,40.20,542.75,completed
ORD-000554,2026-05-29T10:02:00+00:00,CUS-00101,United Kingdom,GBP,646.51,129.30,775.81,completed
ORD-000555,2026-05-29T11:15:00+00:00,CUS-00022,Europe,EUR,241.82,48.36,290.18,completed
ORD-000556,2026-05-29T12:28:00+00:00,CUS-00251,North America,USD,530.70,42.46,573.16,completed
ORD-000557,2026-05-29T13:41:00+00:00,CUS-00190,Europe,EUR,157.49,31.50,188.99,completed
ORD-000558,2026-05-29T14:54:00+00:00,CUS-00044,Europe,EUR,450.20,90.04,540.24,completed
ORD-000559,2026-05-29T16:07:00+00:00,CUS-00223,Europe,EUR,597.81,119.56,717.37,completed
ORD-000560,2026-05-29T17:20:00+00:00,CUS-00087,North America,USD,536.72,42.94,579.66,completed
ORD-000561,2026-05-29T18:33:00+00:00,CUS-00299,Europe,EUR,445.92,89.18,535.10,completed
ORD-000562,2026-05-29T19:46:00+00:00,CUS-00170,North America,USD,227.87,18.23,246.10,completed
ORD-000563,2026-05-29T20:59:00+00:00,CUS-00079,Europe,EUR,384.40,76.88,461.28,completed
ORD-000564,2026-05-29T22:12:00+00:00,CUS-00122,Europe,EUR,104.19,20.84,125.03,completed
ORD-000565,2026-05-29T23:25:00+00:00,CUS-00272,United Kingdom,GBP,40.54,8.11,48.65,completed
ORD-000566,2026-05-30T00:38:00+00:00,CUS-00386,United Kingdom,GBP,624.79,124.96,749.75,completed
ORD-000567,2026-05-30T01:51:00+00:00,CUS-00392,United Kingdom,GBP,311.27,62.25,373.52,completed
ORD-000568,2026-05-30T03:04:00+00:00,CUS-00159,Europe,EUR,214.86,42.97,257.83,completed
ORD-000569,2026-05-30T04:17:00+00:00,CUS-00343,United Kingdom,GBP,196.00,39.20,235.20,refunded
ORD-000570,2026-05-30T05:30:00+00:00,CUS-00346,North America,USD,149.82,11.99,161.81,completed
ORD-000571,2026-05-30T06:43:00+00:00,CUS-00045,United Kingdom,GBP,581.60,116.32,697.92,completed
ORD-000572,2026-05-30T07:56:00+00:00,CUS-00256,United Kingdom,GBP,618.55,123.71,742.26,completed
ORD-000573,2026-05-30T09:09:00+00:00,CUS-00361,Europe,EUR,624.09,124.82,748.91,completed
ORD-000574,2026-05-30T10:22:00+00:00,CUS-00362,North America,USD,506.83,40.55,547.38,completed
ORD-000575,2026-05-30T11:35:00+00:00,CUS-00211,Europe,EUR,556.68,111.34,668.02,completed
ORD-000576,2026-05-30T12:48:00+00:00,CUS-00033,North America,USD,431.91,34.55,466.46,pending
ORD-000577,2026-05-30T14:01:00+00:00,CUS-00326,United Kingdom,GBP,29.70,5.94,35.64,completed
ORD-000578,2026-05-30T15:14:00+00:00,CUS-00017,Europe,EUR,489.61,97.92,587.53,refunded
ORD-000579,2026-05-30T16:27:00+00:00,CUS-00117,Europe,EUR,397.68,79.54,477.22,completed
ORD-000580,2026-05-30T17:40:00+00:00,CUS-00274,United Kingdom,GBP,225.48,45.10,270.58,completed
ORD-000581,2026-05-30T18:53:00+00:00,CUS-00279,United Kingdom,GBP,139.22,27.84,167.06,completed
ORD-000582,2026-05-30T20:06:00+00:00,CUS-00026,Europe,EUR,548.83,109.77,658.60,completed
ORD-000583,2026-05-30T21:19:00+00:00,CUS-00192,North America,USD,66.45,5.32,71.77,completed
ORD-000584,2026-05-30T22:32:00+00:00,CUS-00077,Europe,EUR,398.44,79.69,478.13,completed
ORD-000585,2026-05-30T23:45:00+00:00,CUS-00170,Europe,EUR,75.76,15.15,90.91,refunded
ORD-000586,2026-05-31T00:58:00+00:00,CUS-00201,North America,USD,333.09,26.65,359.74,completed
ORD-000587,2026-05-31T02:11:00+00:00,CUS-00245,North America,USD,343.31,27.46,370.77,pending
ORD-000588,2026-05-31T03:24:00+00:00,CUS-00168,Europe,EUR,517.57,103.51,621.08,completed
ORD-000589,2026-05-31T04:37:00+00:00,CUS-00195,North America,USD,364.44,29.16,393.60,completed
ORD-000590,2026-05-31T05:50:00+00:00,CUS-00292,United Kingdom,GBP,371.11,74.22,445.33,completed
ORD-000591,2026-05-31T07:03:00+00:00,CUS-00108,Europe,EUR,522.50,104.50,627.00,completed
ORD-000592,2026-05-31T08:16:00+00:00,CUS-00336,Europe,EUR,238.38,47.68,286.06,refunded
ORD-000593,2026-05-31T09:29:00+00:00,CUS-00049,United Kingdom,GBP,216.35,43.27,259.62,pending
ORD-000594,2026-05-31T10:42:00+00:00,CUS-00041,North America,USD,596.49,47.72,644.21,completed
ORD-000595,2026-05-31T11:55:00+00:00,CUS-00282,Europe,EUR,413.20,82.64,495.84,pending
ORD-000596,2026-05-31T13:08:00+00:00,CUS-00065,North America,USD,602.27,48.18,650.45,completed
ORD-000597,2026-05-31T14:21:00+00:00,CUS-00254,North America,USD,495.05,39.60,534.65,completed
ORD-000598,2026-05-31T15:34:00+00:00,CUS-00395,North America,USD,84.05,6.72,90.77,completed
ORD-000599,2026-05-31T16:47:00+00:00,CUS-00149,United Kingdom,GBP,227.50,45.50,273.00,completed
ORD-000600,2026-05-31T18:00:00+00:00,CUS-00266,Europe,EUR,510.09,102.02,612.11,completed
ORD-000601,2026-05-31T19:13:00+00:00,CUS-00378,United Kingdom,GBP,565.27,113.05,678.32,completed
ORD-000602,2026-05-31T20:26:00+00:00,CUS-00364,North America,USD,121.71,9.74,131.45,completed
ORD-000603,2026-05-31T21:39:00+00:00,CUS-00364,North America,USD,357.98,28.64,386.62,completed
ORD-000604,2026-05-31T22:52:00+00:00,CUS-00329,Europe,EUR,252.05,50.41,302.46,completed
ORD-000605,2026-06-01T00:05:00+00:00,CUS-00271,United Kingdom,GBP,374.89,74.98,449.87,pending
ORD-000606,2026-06-01T01:18:00+00:00,CUS-00078,United Kingdom,GBP,88.71,17.74,106.45,completed
ORD-000607,2026-06-01T02:31:00+00:00,CUS-00337,North America,USD,633.00,50.64,683.64,pending
ORD-000608,2026-06-01T03:44:00+00:00,CUS-00025,North America,USD,327.47,26.20,353.67,refunded
ORD-000609,2026-06-01T04:57:00+00:00,CUS-00377,North America,USD,207.66,16.61,224.27,completed
ORD-000610,2026-06-01T06:10:00+00:00,CUS-00307,United Kingdom,GBP,261.05,52.21,313.26,completed
ORD-000611,2026-06-01T07:23:00+00:00,CUS-00277,Europe,EUR,296.94,59.39,356.33,completed
ORD-000612,2026-06-01T08:36:00+00:00,CUS-00350,North America,USD,579.71,46.38,626.09,completed
ORD-000613,2026-06-01T09:49:00+00:00,CUS-00029,North America,USD,210.66,16.85,227.51,pending
ORD-000614,2026-06-01T11:02:00+00:00,CUS-00347,Europe,EUR,508.97,101.79,610.76,refunded
ORD-000615,2026-06-01T12:15:00+00:00,CUS-00252,Europe,EUR,284.44,56.89,341.33,completed
ORD-000616,2026-06-01T13:28:00+00:00,CUS-00095,United Kingdom,GBP,114.35,22.87,137.22,pending
ORD-000617,2026-06-01T14:41:00+00:00,CUS-00194,North America,USD,145.48,11.64,157.12,completed
ORD-000618,2026-06-01T15:54:00+00:00,CUS-00254,United Kingdom,GBP,468.04,93.61,561.65,completed
ORD-000619,2026-06-01T17:07:00+00:00,CUS-00342,North America,USD,136.31,10.90,147.21,completed
ORD-000620,2026-06-01T18:20:00+00:00,CUS-00344,United Kingdom,GBP,36.37,7.27,43.64,completed
ORD-000621,2026-06-01T19:33:00+00:00,CUS-00309,United Kingdom,GBP,372.31,74.46,446.77,completed
ORD-000622,2026-06-01T20:46:00+00:00,CUS-00099,Europe,EUR,31.65,6.33,37.98,completed
ORD-000623,2026-06-01T21:59:00+00:00,CUS-00180,North America,USD,206.79,16.54,223.33,completed
ORD-000624,2026-06-01T23:12:00+00:00,CUS-00240,Europe,EUR,36.85,7.37,44.22,completed
ORD-000625,2026-06-02T00:25:00+00:00,CUS-00162,Europe,EUR,127.56,25.51,153.07,completed
ORD-000626,2026-06-02T01:38:00+00:00,CUS-00358,North America,USD,538.27,43.06,581.33,refunded
ORD-000627,2026-06-02T02:51:00+00:00,CUS-00339,North America,USD,35.17,2.81,37.98,refunded
ORD-000628,2026-06-02T04:04:00+00:00,CUS-00281,United Kingdom,GBP,93.93,18.79,112.72,completed
ORD-000629,2026-06-02T05:17:00+00:00,CUS-00219,Europe,EUR,602.50,120.50,723.00,completed
ORD-000630,2026-06-02T06:30:00+00:00,CUS-00038,United Kingdom,GBP,491.80,98.36,590.16,pending
ORD-000631,2026-06-02T07:43:00+00:00,CUS-00267,United Kingdom,GBP,408.64,81.73,490.37,completed
ORD-000632,2026-06-02T08:56:00+00:00,CUS-00233,North America,USD,312.64,25.01,337.65,completed
ORD-000633,2026-06-02T10:09:00+00:00,CUS-00312,United Kingdom,GBP,220.33,44.07,264.40,refunded
ORD-000634,2026-06-02T11:22:00+00:00,CUS-00050,North America,USD,446.89,35.75,482.64,completed
ORD-000635,2026-06-02T12:35:00+00:00,CUS-00165,North America,USD,611.88,48.95,660.83,completed
ORD-000636,2026-06-02T13:48:00+00:00,CUS-00130,United Kingdom,GBP,70.20,14.04,84.24,completed
ORD-000637,2026-06-02T15:01:00+00:00,CUS-00157,North America,USD,592.26,47.38,639.64,completed
ORD-000638,2026-06-02T16:14:00+00:00,CUS-00323,Europe,EUR,26.46,5.29,31.75,completed
ORD-000639,2026-06-02T17:27:00+00:00,CUS-00213,Europe,EUR,217.73,43.55,261.28,refunded
ORD-000640,2026-06-02T18:40:00+00:00,CUS-00219,United Kingdom,GBP,364.49,72.90,437.39,refunded
ORD-000641,2026-06-02T19:53:00+00:00,CUS-00098,Europe,EUR,288.77,57.75,346.52,completed
ORD-000642,2026-06-02T21:06:00+00:00,CUS-00050,Europe,EUR,392.13,78.43,470.56,completed
ORD-000643,2026-06-02T22:19:00+00:00,CUS-00316,Europe,EUR,526.65,105.33,631.98,completed
ORD-000644,2026-06-02T23:32:00+00:00,CUS-00189,United Kingdom,GBP,232.91,46.58,279.49,pending
ORD-000645,2026-06-03T00:45:00+00:00,CUS-00033,Europe,EUR,107.40,21.48,128.88,completed
ORD-000646,2026-06-03T01:58:00+00:00,CUS-00346,North America,USD,583.04,46.64,629.68,refunded
ORD-000647,2026-06-03T03:11:00+00:00,CUS-00321,North America,USD,589.00,47.12,636.12,completed
ORD-000648,2026-06-03T04:24:00+00:00,CUS-00253,North America,USD,463.53,37.08,500.61,completed
ORD-000649,2026-06-03T05:37:00+00:00,CUS-00386,United Kingdom,GBP,211.68,42.34,254.02,completed
ORD-000650,2026-06-03T06:50:00+00:00,CUS-00010,North America,USD,393.80,31.50,425.30,completed
ORD-000651,2026-06-03T08:03:00+00:00,CUS-00162,Europe,EUR,575.83,115.17,691.00,completed
ORD-000652,2026-06-03T09:16:00+00:00,CUS-00166,North America,USD,162.64,13.01,175.65,refunded
ORD-000653,2026-06-03T10:29:00+00:00,CUS-00354,Europe,EUR,266.28,53.26,319.54,completed
ORD-000654,2026-06-03T11:42:00+00:00,CUS-00116,United Kingdom,GBP,43.43,8.69,52.12,refunded
ORD-000655,2026-06-03T12:55:00+00:00,CUS-00208,North America,USD,35.68,2.85,38.53,completed
ORD-000656,2026-06-03T14:08:00+00:00,CUS-00115,Europe,EUR,495.16,99.03,594.19,completed
ORD-000657,2026-06-03T15:21:00+00:00,CUS-00246,United Kingdom,GBP,380.83,76.17,457.00,completed
ORD-000658,2026-06-03T16:34:00+00:00,CUS-00092,North America,USD,435.54,34.84,470.38,completed
ORD-000659,2026-06-03T17:47:00+00:00,CUS-00310,Europe,EUR,486.38,97.28,583.66,refunded
ORD-000660,2026-06-03T19:00:00+00:00,CUS-00132,North America,USD,529.06,42.32,571.38,completed
ORD-000661,2026-06-03T20:13:00+00:00,CUS-00205,United Kingdom,GBP,298.76,59.75,358.51,completed
ORD-000662,2026-06-03T21:26:00+00:00,CUS-00322,North America,USD,154.23,12.34,166.57,completed
ORD-000663,2026-06-03T22:39:00+00:00,CUS-00169,Europe,EUR,209.77,41.95,251.72,completed
ORD-000664,2026-06-03T23:52:00+00:00,CUS-00151,North America,USD,294.29,23.54,317.83,refunded
ORD-000665,2026-06-04T01:05:00+00:00,CUS-00223,Europe,EUR,76.59,15.32,91.91,completed
ORD-000666,2026-06-04T02:18:00+00:00,CUS-00140,North America,USD,586.35,46.91,633.26,completed
ORD-000667,2026-06-04T03:31:00+00:00,CUS-00078,United Kingdom,GBP,473.89,94.78,568.67,completed
ORD-000668,2026-06-04T04:44:00+00:00,CUS-00330,Europe,EUR,593.05,118.61,711.66,completed
ORD-000669,2026-06-04T05:57:00+00:00,CUS-00266,Europe,EUR,181.85,36.37,218.22,completed
ORD-000670,2026-06-04T07:10:00+00:00,CUS-00248,Europe,EUR,284.84,56.97,341.81,completed
ORD-000671,2026-06-04T08:23:00+00:00,CUS-00056,United Kingdom,GBP,329.31,65.86,395.17,completed
ORD-000672,2026-06-04T09:36:00+00:00,CUS-00081,Europe,EUR,645.09,129.02,774.11,completed
ORD-000673,2026-06-04T10:49:00+00:00,CUS-00100,North America,USD,51.62,4.13,55.75,completed
ORD-000674,2026-06-04T12:02:00+00:00,CUS-00304,United Kingdom,GBP,64.67,12.93,77.60,completed
ORD-000675,2026-06-04T13:15:00+00:00,CUS-00018,North America,USD,346.38,27.71,374.09,completed
ORD-000676,2026-06-04T14:28:00+00:00,CUS-00095,United Kingdom,GBP,213.73,42.75,256.48,refunded
ORD-000677,2026-06-04T15:41:00+00:00,CUS-00025,Europe,EUR,257.27,51.45,308.72,completed
ORD-000678,2026-06-04T16:54:00+00:00,CUS-00225,Europe,EUR,121.58,24.32,145.90,completed
ORD-000679,2026-06-04T18:07:00+00:00,CUS-00181,North America,USD,151.32,12.11,163.43,completed
ORD-000680,2026-06-04T19:20:00+00:00,CUS-00203,Europe,EUR,639.08,127.82,766.90,pending
ORD-000681,2026-06-04T20:33:00+00:00,CUS-00177,Europe,EUR,434.88,86.98,521.86,completed
ORD-000682,2026-06-04T21:46:00+00:00,CUS-00301,United Kingdom,GBP,446.73,89.35,536.08,completed
ORD-000683,2026-06-04T22:59:00+00:00,CUS-00329,North America,USD,413.22,33.06,446.28,completed
ORD-000684,2026-06-05T00:12:00+00:00,CUS-00195,United Kingdom,GBP,461.30,92.26,553.56,completed
ORD-000685,2026-06-05T01:25:00+00:00,CUS-00096,Europe,EUR,566.14,113.23,679.37,completed
ORD-000686,2026-06-05T02:38:00+00:00,CUS-00314,Europe,EUR,198.44,39.69,238.13,completed
ORD-000687,2026-06-05T03:51:00+00:00,CUS-00309,North America,USD,610.48,48.84,659.32,completed
ORD-000688,2026-06-05T05:04:00+00:00,CUS-00117,Europe,EUR,582.70,116.54,699.24,pending
ORD-000689,2026-06-05T06:17:00+00:00,CUS-00042,Europe,EUR,137.41,27.48,164.89,completed
ORD-000690,2026-06-05T07:30:00+00:00,CUS-00046,North America,USD,637.42,50.99,688.41,pending
ORD-000691,2026-06-05T08:43:00+00:00,CUS-00275,Europe,EUR,281.96,56.39,338.35,completed
ORD-000692,2026-06-05T09:56:00+00:00,CUS-00091,Europe,EUR,462.09,92.42,554.51,completed
ORD-000693,2026-06-05T11:09:00+00:00,CUS-00291,United Kingdom,GBP,319.67,63.93,383.60,completed
ORD-000694,2026-06-05T12:22:00+00:00,CUS-00142,North America,USD,344.87,27.59,372.46,pending
ORD-000695,2026-06-05T13:35:00+00:00,CUS-00125,North America,USD,579.30,46.34,625.64,completed
ORD-000696,2026-06-05T14:48:00+00:00,CUS-00086,North America,USD,569.39,45.55,614.94,completed
ORD-000697,2026-06-05T16:01:00+00:00,CUS-00361,North America,USD,510.12,40.81,550.93,completed
ORD-000698,2026-06-05T17:14:00+00:00,CUS-00065,United Kingdom,GBP,145.11,29.02,174.13,pending
ORD-000699,2026-06-05T18:27:00+00:00,CUS-00307,Europe,EUR,358.00,71.60,429.60,completed
ORD-000700,2026-06-05T19:40:00+00:00,CUS-00168,United Kingdom,GBP,603.75,120.75,724.50,completed
ORD-000701,2026-06-05T20:53:00+00:00,CUS-00166,North America,USD,469.87,37.59,507.46,completed
ORD-000702,2026-06-05T22:06:00+00:00,CUS-00045,North America,USD,173.65,13.89,187.54,completed
ORD-000703,2026-06-05T23:19:00+00:00,CUS-00135,United Kingdom,GBP,92.39,18.48,110.87,pending
ORD-000704,2026-06-06T00:32:00+00:00,CUS-00237,Europe,EUR,78.18,15.64,93.82,completed
ORD-000705,2026-06-06T01:45:00+00:00,CUS-00024,North America,USD,257.87,20.63,278.50,completed
ORD-000706,2026-06-06T02:58:00+00:00,CUS-00139,Europe,EUR,245.62,49.12,294.74,pending
ORD-000707,2026-06-06T04:11:00+00:00,CUS-00382,United Kingdom,GBP,496.45,99.29,595.74,completed
ORD-000708,2026-06-06T05:24:00+00:00,CUS-00120,North America,USD,452.75,36.22,488.97,completed
ORD-000709,2026-06-06T06:37:00+00:00,CUS-00099,Europe,EUR,481.45,96.29,577.74,completed
ORD-000710,2026-06-06T07:50:00+00:00,CUS-00201,North America,USD,46.48,3.72,50.20,completed
ORD-000711,2026-06-06T09:03:00+00:00,CUS-00019,United Kingdom,GBP,473.61,94.72,568.33,pending
ORD-000712,2026-06-06T10:16:00+00:00,CUS-00140,North America,USD,90.29,7.22,97.51,completed
ORD-000713,2026-06-06T11:29:00+00:00,CUS-00390,United Kingdom,GBP,452.98,90.60,543.58,completed
ORD-000714,2026-06-06T12:42:00+00:00,CUS-00237,North America,USD,338.12,27.05,365.17,completed
ORD-000715,2026-06-06T13:55:00+00:00,CUS-00310,North America,USD,116.06,9.28,125.34,completed
ORD-000716,2026-06-06T15:08:00+00:00,CUS-00241,North America,USD,137.08,10.97,148.05,completed
ORD-000717,2026-06-06T16:21:00+00:00,CUS-00159,North America,USD,436.58,34.93,471.51,completed
ORD-000718,2026-06-06T17:34:00+00:00,CUS-00201,United Kingdom,GBP,500.28,100.06,600.34,completed
ORD-000719,2026-06-06T18:47:00+00:00,CUS-00294,United Kingdom,GBP,292.84,58.57,351.41,completed
ORD-000720,2026-06-06T20:00:00+00:00,CUS-00396,United Kingdom,GBP,390.18,78.04,468.22,completed
ORD-000721,2026-06-06T21:13:00+00:00,CUS-00009,United Kingdom,GBP,368.49,73.70,442.19,completed
ORD-000722,2026-06-06T22:26:00+00:00,CUS-00331,Europe,EUR,161.98,32.40,194.38,pending
ORD-000723,2026-06-06T23:39:00+00:00,CUS-00107,Europe,EUR,538.78,107.76,646.54,completed
ORD-000724,2026-06-07T00:52:00+00:00,CUS-00337,Europe,EUR,122.27,24.45,146.72,completed
ORD-000725,2026-06-07T02:05:00+00:00,CUS-00201,Europe,EUR,596.21,119.24,715.45,completed
ORD-000726,2026-06-07T03:18:00+00:00,CUS-00032,Europe,EUR,145.62,29.12,174.74,completed
ORD-000727,2026-06-07T04:31:00+00:00,CUS-00054,North America,USD,381.75,30.54,412.29,pending
ORD-000728,2026-06-07T05:44:00+00:00,CUS-00375,Europe,EUR,334.55,66.91,401.46,pending
ORD-000729,2026-06-07T06:57:00+00:00,CUS-00074,North America,USD,164.25,13.14,177.39,completed
ORD-000730,2026-06-07T08:10:00+00:00,CUS-00388,Europe,EUR,241.14,48.23,289.37,completed
ORD-000731,2026-06-07T09:23:00+00:00,CUS-00047,North America,USD,582.57,46.61,629.18,completed
ORD-000732,2026-06-07T10:36:00+00:00,CUS-00174,United Kingdom,GBP,295.65,59.13,354.78,completed
ORD-000733,2026-06-07T11:49:00+00:00,CUS-00219,United Kingdom,GBP,274.54,54.91,329.45,completed
ORD-000734,2026-06-07T13:02:00+00:00,CUS-00335,United Kingdom,GBP,503.51,100.70,604.21,completed
ORD-000735,2026-06-07T14:15:00+00:00,CUS-00213,North America,USD,554.02,44.32,598.34,completed
ORD-000736,2026-06-07T15:28:00+00:00,CUS-00354,United Kingdom,GBP,143.29,28.66,171.95,completed
ORD-000737,2026-06-07T16:41:00+00:00,CUS-00161,United Kingdom,GBP,471.52,94.30,565.82,completed
ORD-000738,2026-06-07T17:54:00+00:00,CUS-00299,United Kingdom,GBP,516.86,103.37,620.23,completed
ORD-000739,2026-06-07T19:07:00+00:00,CUS-00032,Europe,EUR,149.10,29.82,178.92,completed
ORD-000740,2026-06-07T20:20:00+00:00,CUS-00187,North America,USD,427.58,34.21,461.79,refunded
ORD-000741,2026-06-07T21:33:00+00:00,CUS-00336,North America,USD,528.50,42.28,570.78,refunded
ORD-000742,2026-06-07T22:46:00+00:00,CUS-00363,United Kingdom,GBP,85.72,17.14,102.86,completed
ORD-000743,2026-06-07T23:59:00+00:00,CUS-00090,North America,USD,557.33,44.59,601.92,pending
ORD-000744,2026-06-08T01:12:00+00:00,CUS-00070,North America,USD,597.82,47.83,645.65,completed
ORD-000745,2026-06-08T02:25:00+00:00,CUS-00100,United Kingdom,GBP,444.86,88.97,533.83,completed
ORD-000746,2026-06-08T03:38:00+00:00,CUS-00145,Europe,EUR,274.85,54.97,329.82,completed
ORD-000747,2026-06-08T04:51:00+00:00,CUS-00089,United Kingdom,GBP,290.14,58.03,348.17,completed
ORD-000748,2026-06-08T06:04:00+00:00,CUS-00296,Europe,EUR,195.56,39.11,234.67,pending
ORD-000749,2026-06-08T07:17:00+00:00,CUS-00320,United Kingdom,GBP,69.63,13.93,83.56,completed
ORD-000750,2026-06-08T08:30:00+00:00,CUS-00181,United Kingdom,GBP,183.88,36.78,220.66,completed
ORD-000751,2026-06-08T09:43:00+00:00,CUS-00254,North America,USD,69.05,5.52,74.57,refunded
ORD-000752,2026-06-08T10:56:00+00:00,CUS-00002,North America,USD,509.48,40.76,550.24,completed
ORD-000753,2026-06-08T12:09:00+00:00,CUS-00382,Europe,EUR,475.12,95.02,570.14,completed
ORD-000754,2026-06-08T13:22:00+00:00,CUS-00399,North America,USD,388.50,31.08,419.58,completed
ORD-000755,2026-06-08T14:35:00+00:00,CUS-00150,United Kingdom,GBP,416.83,83.37,500.20,completed
ORD-000756,2026-06-08T15:48:00+00:00,CUS-00298,United Kingdom,GBP,519.04,103.81,622.85,completed
ORD-000757,2026-06-08T17:01:00+00:00,CUS-00343,Europe,EUR,231.83,46.37,278.20,completed
ORD-000758,2026-06-08T18:14:00+00:00,CUS-00279,North America,USD,481.50,38.52,520.02,completed
ORD-000759,2026-06-08T19:27:00+00:00,CUS-00105,North America,USD,357.38,28.59,385.97,completed
ORD-000760,2026-06-08T20:40:00+00:00,CUS-00153,United Kingdom,GBP,571.89,114.38,686.27,completed
ORD-000761,2026-06-08T21:53:00+00:00,CUS-00037,North America,USD,641.92,51.35,693.27,refunded
ORD-000762,2026-06-08T23:06:00+00:00,CUS-00346,Europe,EUR,372.05,74.41,446.46,completed
ORD-000763,2026-06-09T00:19:00+00:00,CUS-00007,United Kingdom,GBP,373.30,74.66,447.96,completed
ORD-000764,2026-06-09T01:32:00+00:00,CUS-00008,United Kingdom,GBP,242.53,48.51,291.04,completed
ORD-000765,2026-06-09T02:45:00+00:00,CUS-00275,North America,USD,277.27,22.18,299.45,completed
ORD-000766,2026-06-09T03:58:00+00:00,CUS-00006,Europe,EUR,167.84,33.57,201.41,completed
ORD-000767,2026-06-09T05:11:00+00:00,CUS-00058,North America,USD,18.26,1.46,19.72,completed
ORD-000768,2026-06-09T06:24:00+00:00,CUS-00181,United Kingdom,GBP,627.37,125.47,752.84,completed
ORD-000769,2026-06-09T07:37:00+00:00,CUS-00065,United Kingdom,GBP,296.91,59.38,356.29,refunded
ORD-000770,2026-06-09T08:50:00+00:00,CUS-00200,Europe,EUR,265.69,53.14,318.83,refunded
ORD-000771,2026-06-09T10:03:00+00:00,CUS-00020,Europe,EUR,649.26,129.85,779.11,completed
ORD-000772,2026-06-09T11:16:00+00:00,CUS-00149,United Kingdom,GBP,174.47,34.89,209.36,pending
ORD-000773,2026-06-09T12:29:00+00:00,CUS-00206,Europe,EUR,36.63,7.33,43.96,completed
ORD-000774,2026-06-09T13:42:00+00:00,CUS-00372,United Kingdom,GBP,485.71,97.14,582.85,completed
ORD-000775,2026-06-09T14:55:00+00:00,CUS-00238,United Kingdom,GBP,178.18,35.64,213.82,completed
ORD-000776,2026-06-09T16:08:00+00:00,CUS-00035,United Kingdom,GBP,459.12,91.82,550.94,completed
ORD-000777,2026-06-09T17:21:00+00:00,CUS-00072,North America,USD,590.83,47.27,638.10,completed
ORD-000778,2026-06-09T18:34:00+00:00,CUS-00131,United Kingdom,GBP,335.16,67.03,402.19,completed
ORD-000779,2026-06-09T19:47:00+00:00,CUS-00198,North America,USD,69.66,5.57,75.23,completed
ORD-000780,2026-06-09T21:00:00+00:00,CUS-00135,United Kingdom,GBP,597.50,119.50,717.00,completed
ORD-000781,2026-06-09T22:13:00+00:00,CUS-00110,North America,USD,140.44,11.24,151.68,completed
ORD-000782,2026-06-09T23:26:00+00:00,CUS-00255,North America,USD,577.98,46.24,624.22,completed
ORD-000783,2026-06-10T00:39:00+00:00,CUS-00110,North America,USD,522.75,41.82,564.57,completed
ORD-000784,2026-06-10T01:52:00+00:00,CUS-00081,United Kingdom,GBP,364.64,72.93,437.57,pending
ORD-000785,2026-06-10T03:05:00+00:00,CUS-00321,United Kingdom,GBP,22.71,4.54,27.25,completed
ORD-000786,2026-06-10T04:18:00+00:00,CUS-00023,United Kingdom,GBP,485.10,97.02,582.12,completed
ORD-000787,2026-06-10T05:31:00+00:00,CUS-00304,North America,USD,239.53,19.16,258.69,completed
ORD-000788,2026-06-10T06:44:00+00:00,CUS-00310,North America,USD,239.49,19.16,258.65,pending
ORD-000789,2026-06-10T07:57:00+00:00,CUS-00335,Europe,EUR,149.02,29.80,178.82,pending
ORD-000790,2026-06-10T09:10:00+00:00,CUS-00003,Europe,EUR,117.45,23.49,140.94,completed
ORD-000791,2026-06-10T10:23:00+00:00,CUS-00292,Europe,EUR,236.63,47.33,283.96,completed
ORD-000792,2026-06-10T11:36:00+00:00,CUS-00384,Europe,EUR,531.63,106.33,637.96,completed
ORD-000793,2026-06-10T12:49:00+00:00,CUS-00033,Europe,EUR,553.53,110.71,664.24,refunded
ORD-000794,2026-06-10T14:02:00+00:00,CUS-00002,United Kingdom,GBP,36.94,7.39,44.33,refunded
ORD-000795,2026-06-10T15:15:00+00:00,CUS-00173,Europe,EUR,445.57,89.11,534.68,completed
ORD-000796,2026-06-10T16:28:00+00:00,CUS-00107,North America,USD,390.93,31.27,422.20,completed
ORD-000797,2026-06-10T17:41:00+00:00,CUS-00299,Europe,EUR,329.74,65.95,395.69,completed
ORD-000798,2026-06-10T18:54:00+00:00,CUS-00236,Europe,EUR,561.38,112.28,673.66,completed
ORD-000799,2026-06-10T20:07:00+00:00,CUS-00385,United Kingdom,GBP,55.93,11.19,67.12,completed
ORD-000800,2026-06-10T21:20:00+00:00,CUS-00246,Europe,EUR,151.53,30.31,181.84,refunded
ORD-000801,2026-06-10T22:33:00+00:00,CUS-00284,Europe,EUR,172.46,34.49,206.95,pending
ORD-000802,2026-06-10T23:46:00+00:00,CUS-00211,Europe,EUR,580.59,116.12,696.71,completed
ORD-000803,2026-06-11T00:59:00+00:00,CUS-00147,United Kingdom,GBP,573.82,114.76,688.58,completed
ORD-000804,2026-06-11T02:12:00+00:00,CUS-00234,North America,USD,425.50,34.04,459.54,refunded
ORD-000805,2026-06-11T03:25:00+00:00,CUS-00242,North America,USD,491.28,39.30,530.58,completed
ORD-000806,2026-06-11T04:38:00+00:00,CUS-00300,North America,USD,590.98,47.28,638.26,completed
ORD-000807,2026-06-11T05:51:00+00:00,CUS-00063,United Kingdom,GBP,252.44,50.49,302.93,pending
ORD-000808,2026-06-11T07:04:00+00:00,CUS-00014,North America,USD,389.59,31.17,420.76,completed
ORD-000809,2026-06-11T08:17:00+00:00,CUS-00370,North America,USD,478.87,38.31,517.18,completed
ORD-000810,2026-06-11T09:30:00+00:00,CUS-00020,Europe,EUR,288.00,57.60,345.60,completed
ORD-000811,2026-06-11T10:43:00+00:00,CUS-00365,United Kingdom,GBP,453.72,90.74,544.46,completed
ORD-000812,2026-06-11T11:56:00+00:00,CUS-00070,United Kingdom,GBP,54.02,10.80,64.82,completed
ORD-000813,2026-06-11T13:09:00+00:00,CUS-00017,United Kingdom,GBP,583.55,116.71,700.26,completed
ORD-000814,2026-06-11T14:22:00+00:00,CUS-00320,North America,USD,57.91,4.63,62.54,completed
ORD-000815,2026-06-11T15:35:00+00:00,CUS-00102,Europe,EUR,130.42,26.08,156.50,completed
ORD-000816,2026-06-11T16:48:00+00:00,CUS-00297,North America,USD,575.57,46.05,621.62,completed
ORD-000817,2026-06-11T18:01:00+00:00,CUS-00056,North America,USD,545.75,43.66,589.41,completed
ORD-000818,2026-06-11T19:14:00+00:00,CUS-00149,North America,USD,436.95,34.96,471.91,completed
ORD-000819,2026-06-11T20:27:00+00:00,CUS-00209,North America,USD,203.10,16.25,219.35,completed
ORD-000820,2026-06-11T21:40:00+00:00,CUS-00034,United Kingdom,GBP,562.28,112.46,674.74,completed
ORD-000821,2026-06-11T22:53:00+00:00,CUS-00027,United Kingdom,GBP,123.01,24.60,147.61,completed
ORD-000822,2026-06-12T00:06:00+00:00,CUS-00292,North America,USD,353.48,28.28,381.76,completed
ORD-000823,2026-06-12T01:19:00+00:00,CUS-00244,Europe,EUR,323.88,64.78,388.66,completed
ORD-000824,2026-06-12T02:32:00+00:00,CUS-00283,Europe,EUR,412.02,82.40,494.42,completed
ORD-000825,2026-06-12T03:45:00+00:00,CUS-00288,Europe,EUR,402.72,80.54,483.26,completed
ORD-000826,2026-06-12T04:58:00+00:00,CUS-00100,Europe,EUR,410.73,82.15,492.88,refunded
ORD-000827,2026-06-12T06:11:00+00:00,CUS-00215,Europe,EUR,419.83,83.97,503.80,completed
ORD-000828,2026-06-12T07:24:00+00:00,CUS-00009,Europe,EUR,460.93,92.19,553.12,completed
ORD-000829,2026-06-12T08:37:00+00:00,CUS-00163,United Kingdom,GBP,301.21,60.24,361.45,completed
ORD-000830,2026-06-12T09:50:00+00:00,CUS-00283,United Kingdom,GBP,300.59,60.12,360.71,refunded
ORD-000831,2026-06-12T11:03:00+00:00,CUS-00384,North America,USD,276.14,22.09,298.23,completed
ORD-000832,2026-06-12T12:16:00+00:00,CUS-00030,North America,USD,94.96,7.60,102.56,completed
ORD-000833,2026-06-12T13:29:00+00:00,CUS-00190,Europe,EUR,316.00,63.20,379.20,completed
ORD-000834,2026-06-12T14:42:00+00:00,CUS-00034,Europe,EUR,566.48,113.30,679.78,completed
ORD-000835,2026-06-12T15:55:00+00:00,CUS-00017,North America,USD,501.49,40.12,541.61,completed
ORD-000836,2026-06-12T17:08:00+00:00,CUS-00036,United Kingdom,GBP,621.48,124.30,745.78,completed
ORD-000837,2026-06-12T18:21:00+00:00,CUS-00227,United Kingdom,GBP,587.87,117.57,705.44,completed
ORD-000838,2026-06-12T19:34:00+00:00,CUS-00168,Europe,EUR,46.49,9.30,55.79,completed
ORD-000839,2026-06-12T20:47:00+00:00,CUS-00300,North America,USD,98.72,7.90,106.62,completed
ORD-000840,2026-06-12T22:00:00+00:00,CUS-00315,Europe,EUR,48.48,9.70,58.18,completed
ORD-000841,2026-06-12T23:13:00+00:00,CUS-00102,North America,USD,442.59,35.41,478.00,pending
ORD-000842,2026-06-13T00:26:00+00:00,CUS-00322,North America,USD,454.94,36.40,491.34,pending
ORD-000843,2026-06-13T01:39:00+00:00,CUS-00093,Europe,EUR,314.28,62.86,377.14,completed
ORD-000844,2026-06-13T02:52:00+00:00,CUS-00172,Europe,EUR,615.62,123.12,738.74,refunded
ORD-000845,2026-06-13T04:05:00+00:00,CUS-00138,Europe,EUR,320.90,64.18,385.08,completed
ORD-000846,2026-06-13T05:18:00+00:00,CUS-00079,United Kingdom,GBP,575.67,115.13,690.80,pending
ORD-000847,2026-06-13T06:31:00+00:00,CUS-00374,Europe,EUR,339.19,67.84,407.03,completed
ORD-000848,2026-06-13T07:44:00+00:00,CUS-00011,United Kingdom,GBP,451.30,90.26,541.56,completed
ORD-000849,2026-06-13T08:57:00+00:00,CUS-00084,Europe,EUR,310.20,62.04,372.24,completed
ORD-000850,2026-06-13T10:10:00+00:00,CUS-00160,Europe,EUR,338.22,67.64,405.86,completed
ORD-000851,2026-06-13T11:23:00+00:00,CUS-00167,North America,USD,43.33,3.47,46.80,completed
ORD-000852,2026-06-13T12:36:00+00:00,CUS-00221,Europe,EUR,562.98,112.60,675.58,completed
ORD-000853,2026-06-13T13:49:00+00:00,CUS-00373,North America,USD,109.90,8.79,118.69,completed
ORD-000854,2026-06-13T15:02:00+00:00,CUS-00175,United Kingdom,GBP,154.18,30.84,185.02,completed
ORD-000855,2026-06-13T16:15:00+00:00,CUS-00105,United Kingdom,GBP,187.13,37.43,224.56,pending
ORD-000856,2026-06-13T17:28:00+00:00,CUS-00342,North America,USD,474.95,38.00,512.95,completed
ORD-000857,2026-06-13T18:41:00+00:00,CUS-00038,North America,USD,94.09,7.53,101.62,completed
ORD-000858,2026-06-13T19:54:00+00:00,CUS-00377,United Kingdom,GBP,592.89,118.58,711.47,completed
ORD-000859,2026-06-13T21:07:00+00:00,CUS-00354,United Kingdom,GBP,216.32,43.26,259.58,completed
ORD-000860,2026-06-13T22:20:00+00:00,CUS-00218,Europe,EUR,394.06,78.81,472.87,completed
ORD-000861,2026-06-13T23:33:00+00:00,CUS-00033,Europe,EUR,31.56,6.31,37.87,completed
ORD-000862,2026-06-14T00:46:00+00:00,CUS-00361,United Kingdom,GBP,376.88,75.38,452.26,completed
ORD-000863,2026-06-14T01:59:00+00:00,CUS-00036,North America,USD,320.43,25.63,346.06,completed
ORD-000864,2026-06-14T03:12:00+00:00,CUS-00068,Europe,EUR,486.68,97.34,584.02,completed
ORD-000865,2026-06-14T04:25:00+00:00,CUS-00176,Europe,EUR,173.66,34.73,208.39,completed
ORD-000866,2026-06-14T05:38:00+00:00,CUS-00252,Europe,EUR,571.87,114.37,686.24,completed
ORD-000867,2026-06-14T06:51:00+00:00,CUS-00162,North America,USD,535.30,42.82,578.12,completed
ORD-000868,2026-06-14T08:04:00+00:00,CUS-00094,North America,USD,547.49,43.80,591.29,pending
ORD-000869,2026-06-14T09:17:00+00:00,CUS-00133,Europe,EUR,571.25,114.25,685.50,completed
ORD-000870,2026-06-14T10:30:00+00:00,CUS-00268,United Kingdom,GBP,351.45,70.29,421.74,completed
ORD-000871,2026-06-14T11:43:00+00:00,CUS-00169,United Kingdom,GBP,536.11,107.22,643.33,completed
ORD-000872,2026-06-14T12:56:00+00:00,CUS-00235,United Kingdom,GBP,176.10,35.22,211.32,completed
ORD-000873,2026-06-14T14:09:00+00:00,CUS-00274,Europe,EUR,352.17,70.43,422.60,completed
ORD-000874,2026-06-14T15:22:00+00:00,CUS-00087,North America,USD,109.46,8.76,118.22,completed
ORD-000875,2026-06-14T16:35:00+00:00,CUS-00109,United Kingdom,GBP,92.80,18.56,111.36,completed
ORD-000876,2026-06-14T17:48:00+00:00,CUS-00173,United Kingdom,GBP,436.70,87.34,524.04,refunded
ORD-000877,2026-06-14T19:01:00+00:00,CUS-00334,United Kingdom,GBP,197.57,39.51,237.08,completed
ORD-000878,2026-06-14T20:14:00+00:00,CUS-00230,United Kingdom,GBP,575.53,115.11,690.64,completed
ORD-000879,2026-06-14T21:27:00+00:00,CUS-00189,Europe,EUR,386.92,77.38,464.30,completed
ORD-000880,2026-06-14T22:40:00+00:00,CUS-00231,United Kingdom,GBP,19.92,3.98,23.90,completed
ORD-000881,2026-06-14T23:53:00+00:00,CUS-00286,United Kingdom,GBP,46.79,9.36,56.15,completed
ORD-000882,2026-06-15T01:06:00+00:00,CUS-00383,United Kingdom,GBP,241.82,48.36,290.18,completed
ORD-000883,2026-06-15T02:19:00+00:00,CUS-00207,North America,USD,530.12,42.41,572.53,refunded
ORD-000884,2026-06-15T03:32:00+00:00,CUS-00377,North America,USD,623.38,49.87,673.25,completed
ORD-000885,2026-06-15T04:45:00+00:00,CUS-00313,North America,USD,256.96,20.56,277.52,completed
ORD-000886,2026-06-15T05:58:00+00:00,CUS-00127,Europe,EUR,215.44,43.09,258.53,completed
ORD-000887,2026-06-15T07:11:00+00:00,CUS-00109,United Kingdom,GBP,229.33,45.87,275.20,refunded
ORD-000888,2026-06-15T08:24:00+00:00,CUS-00008,United Kingdom,GBP,363.64,72.73,436.37,completed
ORD-000889,2026-06-15T09:37:00+00:00,CUS-00202,United Kingdom,GBP,417.31,83.46,500.77,completed
ORD-000890,2026-06-15T10:50:00+00:00,CUS-00180,North America,USD,127.41,10.19,137.60,refunded
ORD-000891,2026-06-15T12:03:00+00:00,CUS-00140,North America,USD,624.73,49.98,674.71,completed
ORD-000892,2026-06-15T13:16:00+00:00,CUS-00031,North America,USD,73.74,5.90,79.64,completed
ORD-000893,2026-06-15T14:29:00+00:00,CUS-00343,North America,USD,351.08,28.09,379.17,completed
ORD-000894,2026-06-15T15:42:00+00:00,CUS-00191,North America,USD,515.76,41.26,557.02,completed
ORD-000895,2026-06-15T16:55:00+00:00,CUS-00299,North America,USD,362.08,28.97,391.05,completed
ORD-000896,2026-06-15T18:08:00+00:00,CUS-00383,United Kingdom,GBP,72.33,14.47,86.80,completed
ORD-000897,2026-06-15T19:21:00+00:00,CUS-00014,Europe,EUR,178.46,35.69,214.15,completed
ORD-000898,2026-06-15T20:34:00+00:00,CUS-00145,North America,USD,519.26,41.54,560.80,completed
ORD-000899,2026-06-15T21:47:00+00:00,CUS-00400,North America,USD,225.86,18.07,243.93,completed
ORD-000900,2026-06-15T23:00:00+00:00,CUS-00267,Europe,EUR,414.31,82.86,497.17,completed
ORD-000901,2026-06-16T00:13:00+00:00,CUS-00038,North America,USD,385.77,30.86,416.63,completed
ORD-000902,2026-06-16T01:26:00+00:00,CUS-00155,Europe,EUR,335.25,67.05,402.30,completed
ORD-000903,2026-06-16T02:39:00+00:00,CUS-00264,United Kingdom,GBP,323.46,64.69,388.15,completed
ORD-000904,2026-06-16T03:52:00+00:00,CUS-00075,North America,USD,101.83,8.15,109.98,pending
ORD-000905,2026-06-16T05:05:00+00:00,CUS-00227,North America,USD,88.14,7.05,95.19,completed
ORD-000906,2026-06-16T06:18:00+00:00,CUS-00267,Europe,EUR,295.71,59.14,354.85,completed
ORD-000907,2026-06-16T07:31:00+00:00,CUS-00199,United Kingdom,GBP,291.07,58.21,349.28,completed
ORD-000908,2026-06-16T08:44:00+00:00,CUS-00076,Europe,EUR,468.59,93.72,562.31,completed
ORD-000909,2026-06-16T09:57:00+00:00,CUS-00219,North America,USD,307.05,24.56,331.61,completed
ORD-000910,2026-06-16T11:10:00+00:00,CUS-00010,Europe,EUR,246.24,49.25,295.49,refunded
ORD-000911,2026-06-16T12:23:00+00:00,CUS-00211,United Kingdom,GBP,628.39,125.68,754.07,completed
ORD-000912,2026-06-16T13:36:00+00:00,CUS-00220,North America,USD,587.56,47.00,634.56,pending
ORD-000913,2026-06-16T14:49:00+00:00,CUS-00073,United Kingdom,GBP,430.11,86.02,516.13,completed
ORD-000914,2026-06-16T16:02:00+00:00,CUS-00079,United Kingdom,GBP,370.21,74.04,444.25,completed
ORD-000915,2026-06-16T17:15:00+00:00,CUS-00263,United Kingdom,GBP,620.95,124.19,745.14,completed
ORD-000916,2026-06-16T18:28:00+00:00,CUS-00235,United Kingdom,GBP,450.02,90.00,540.02,completed
ORD-000917,2026-06-16T19:41:00+00:00,CUS-00290,United Kingdom,GBP,148.55,29.71,178.26,completed
ORD-000918,2026-06-16T20:54:00+00:00,CUS-00071,United Kingdom,GBP,413.51,82.70,496.21,refunded
ORD-000919,2026-06-16T22:07:00+00:00,CUS-00343,Europe,EUR,388.57,77.71,466.28,completed
ORD-000920,2026-06-16T23:20:00+00:00,CUS-00200,Europe,EUR,626.49,125.30,751.79,completed
ORD-000921,2026-06-17T00:33:00+00:00,CUS-00160,Europe,EUR,621.88,124.38,746.26,completed
ORD-000922,2026-06-17T01:46:00+00:00,CUS-00140,United Kingdom,GBP,549.54,109.91,659.45,completed
ORD-000923,2026-06-17T02:59:00+00:00,CUS-00092,Europe,EUR,321.12,64.22,385.34,completed
ORD-000924,2026-06-17T04:12:00+00:00,CUS-00167,Europe,EUR,138.60,27.72,166.32,completed
ORD-000925,2026-06-17T05:25:00+00:00,CUS-00165,United Kingdom,GBP,113.86,22.77,136.63,completed
ORD-000926,2026-06-17T06:38:00+00:00,CUS-00215,Europe,EUR,525.06,105.01,630.07,completed
ORD-000927,2026-06-17T07:51:00+00:00,CUS-00240,Europe,EUR,242.46,48.49,290.95,completed
ORD-000928,2026-06-17T09:04:00+00:00,CUS-00284,United Kingdom,GBP,445.91,89.18,535.09,completed
ORD-000929,2026-06-17T10:17:00+00:00,CUS-00293,Europe,EUR,599.90,119.98,719.88,completed
ORD-000930,2026-06-17T11:30:00+00:00,CUS-00387,Europe,EUR,354.65,70.93,425.58,completed
ORD-000931,2026-06-17T12:43:00+00:00,CUS-00090,North America,USD,306.97,24.56,331.53,completed
ORD-000932,2026-06-17T13:56:00+00:00,CUS-00169,United Kingdom,GBP,118.22,23.64,141.86,completed
ORD-000933,2026-06-17T15:09:00+00:00,CUS-00400,United Kingdom,GBP,389.93,77.99,467.92,completed
ORD-000934,2026-06-17T16:22:00+00:00,CUS-00060,United Kingdom,GBP,248.48,49.70,298.18,completed
ORD-000935,2026-06-17T17:35:00+00:00,CUS-00043,North America,USD,568.83,45.51,614.34,completed
ORD-000936,2026-06-17T18:48:00+00:00,CUS-00103,United Kingdom,GBP,311.78,62.36,374.14,completed
ORD-000937,2026-06-17T20:01:00+00:00,CUS-00020,Europe,EUR,142.10,28.42,170.52,completed
ORD-000938,2026-06-17T21:14:00+00:00,CUS-00185,North America,USD,369.91,29.59,399.50,completed
ORD-000939,2026-06-17T22:27:00+00:00,CUS-00332,Europe,EUR,629.67,125.93,755.60,completed
ORD-000940,2026-06-17T23:40:00+00:00,CUS-00294,Europe,EUR,42.88,8.58,51.46,completed
ORD-000941,2026-06-18T00:53:00+00:00,CUS-00261,Europe,EUR,94.10,18.82,112.92,refunded
ORD-000942,2026-06-18T02:06:00+00:00,CUS-00230,Europe,EUR,265.12,53.02,318.14,completed
ORD-000943,2026-06-18T03:19:00+00:00,CUS-00094,North America,USD,408.34,32.67,441.01,completed
ORD-000944,2026-06-18T04:32:00+00:00,CUS-00352,Europe,EUR,135.18,27.04,162.22,completed
ORD-000945,2026-06-18T05:45:00+00:00,CUS-00044,Europe,EUR,108.40,21.68,130.08,refunded
ORD-000946,2026-06-18T06:58:00+00:00,CUS-00269,Europe,EUR,591.92,118.38,710.30,completed
ORD-000947,2026-06-18T08:11:00+00:00,CUS-00004,Europe,EUR,115.33,23.07,138.40,completed
ORD-000948,2026-06-18T09:24:00+00:00,CUS-00041,United Kingdom,GBP,402.09,80.42,482.51,completed
ORD-000949,2026-06-18T10:37:00+00:00,CUS-00125,North America,USD,446.88,35.75,482.63,completed
ORD-000950,2026-06-18T11:50:00+00:00,CUS-00209,Europe,EUR,287.62,57.52,345.14,pending
ORD-000951,2026-06-18T13:03:00+00:00,CUS-00309,United Kingdom,GBP,556.91,111.38,668.29,pending
ORD-000952,2026-06-18T14:16:00+00:00,CUS-00197,United Kingdom,GBP,525.98,105.20,631.18,completed
ORD-000953,2026-06-18T15:29:00+00:00,CUS-00265,United Kingdom,GBP,482.82,96.56,579.38,completed
ORD-000954,2026-06-18T16:42:00+00:00,CUS-00211,North America,USD,351.94,28.16,380.10,refunded
ORD-000955,2026-06-18T17:55:00+00:00,CUS-00023,United Kingdom,GBP,148.45,29.69,178.14,refunded
ORD-000956,2026-06-18T19:08:00+00:00,CUS-00012,North America,USD,361.86,28.95,390.81,completed
ORD-000957,2026-06-18T20:21:00+00:00,CUS-00069,North America,USD,177.20,14.18,191.38,completed
ORD-000958,2026-06-18T21:34:00+00:00,CUS-00187,United Kingdom,GBP,183.62,36.72,220.34,completed
ORD-000959,2026-06-18T22:47:00+00:00,CUS-00359,United Kingdom,GBP,210.20,42.04,252.24,refunded
ORD-000960,2026-06-19T00:00:00+00:00,CUS-00109,Europe,EUR,109.20,21.84,131.04,completed
ORD-000961,2026-06-19T01:13:00+00:00,CUS-00301,Europe,EUR,449.26,89.85,539.11,refunded
ORD-000962,2026-06-19T02:26:00+00:00,CUS-00052,North America,USD,507.38,40.59,547.97,completed
ORD-000963,2026-06-19T03:39:00+00:00,CUS-00268,North America,USD,249.43,19.95,269.38,completed
ORD-000964,2026-06-19T04:52:00+00:00,CUS-00195,United Kingdom,GBP,591.13,118.23,709.36,refunded
ORD-000965,2026-06-19T06:05:00+00:00,CUS-00247,United Kingdom,GBP,395.56,79.11,474.67,completed
ORD-000966,2026-06-19T07:18:00+00:00,CUS-00384,United Kingdom,GBP,277.23,55.45,332.68,pending
ORD-000967,2026-06-19T08:31:00+00:00,CUS-00360,Europe,EUR,640.24,128.05,768.29,refunded
ORD-000968,2026-06-19T09:44:00+00:00,CUS-00266,Europe,EUR,307.82,61.56,369.38,completed
ORD-000969,2026-06-19T10:57:00+00:00,CUS-00070,United Kingdom,GBP,85.34,17.07,102.41,pending
ORD-000970,2026-06-19T12:10:00+00:00,CUS-00321,United Kingdom,GBP,355.39,71.08,426.47,completed
ORD-000971,2026-06-19T13:23:00+00:00,CUS-00054,North America,USD,473.86,37.91,511.77,completed
ORD-000972,2026-06-19T14:36:00+00:00,CUS-00300,Europe,EUR,450.80,90.16,540.96,completed
ORD-000973,2026-06-19T15:49:00+00:00,CUS-00330,United Kingdom,GBP,111.15,22.23,133.38,completed
ORD-000974,2026-06-19T17:02:00+00:00,CUS-00357,Europe,EUR,460.05,92.01,552.06,completed
ORD-000975,2026-06-19T18:15:00+00:00,CUS-00249,Europe,EUR,616.59,123.32,739.91,completed
ORD-000976,2026-06-19T19:28:00+00:00,CUS-00178,United Kingdom,GBP,265.52,53.10,318.62,completed
ORD-000977,2026-06-19T20:41:00+00:00,CUS-00346,United Kingdom,GBP,252.55,50.51,303.06,pending
ORD-000978,2026-06-19T21:54:00+00:00,CUS-00252,North America,USD,477.27,38.18,515.45,completed
ORD-000979,2026-06-19T23:07:00+00:00,CUS-00162,United Kingdom,GBP,206.50,41.30,247.80,completed
ORD-000980,2026-06-20T00:20:00+00:00,CUS-00116,Europe,EUR,489.14,97.83,586.97,completed
ORD-000981,2026-06-20T01:33:00+00:00,CUS-00161,North America,USD,622.05,49.76,671.81,completed
ORD-000982,2026-06-20T02:46:00+00:00,CUS-00103,North America,USD,256.54,20.52,277.06,completed
ORD-000983,2026-06-20T03:59:00+00:00,CUS-00135,United Kingdom,GBP,501.50,100.30,601.80,completed
ORD-000984,2026-06-20T05:12:00+00:00,CUS-00322,North America,USD,352.55,28.20,380.75,completed
ORD-000985,2026-06-20T06:25:00+00:00,CUS-00327,North America,USD,368.23,29.46,397.69,completed
ORD-000986,2026-06-20T07:38:00+00:00,CUS-00156,North America,USD,633.60,50.69,684.29,completed
ORD-000987,2026-06-20T08:51:00+00:00,CUS-00367,United Kingdom,GBP,241.19,48.24,289.43,completed
ORD-000988,2026-06-20T10:04:00+00:00,CUS-00284,Europe,EUR,242.40,48.48,290.88,completed
ORD-000989,2026-06-20T11:17:00+00:00,CUS-00114,Europe,EUR,552.63,110.53,663.16,completed
ORD-000990,2026-06-20T12:30:00+00:00,CUS-00012,United Kingdom,GBP,587.96,117.59,705.55,completed
ORD-000991,2026-06-20T13:43:00+00:00,CUS-00075,North America,USD,203.50,16.28,219.78,pending
ORD-000992,2026-06-20T14:56:00+00:00,CUS-00321,Europe,EUR,578.16,115.63,693.79,completed
ORD-000993,2026-06-20T16:09:00+00:00,CUS-00275,Europe,EUR,57.83,11.57,69.40,completed
ORD-000994,2026-06-20T17:22:00+00:00,CUS-00390,North America,USD,465.91,37.27,503.18,completed
ORD-000995,2026-06-20T18:35:00+00:00,CUS-00209,North America,USD,242.50,19.40,261.90,pending
ORD-000996,2026-06-20T19:48:00+00:00,CUS-00063,North America,USD,644.64,51.57,696.21,pending
ORD-000997,2026-06-20T21:01:00+00:00,CUS-00132,North America,USD,524.92,41.99,566.91,completed
ORD-000998,2026-06-20T22:14:00+00:00,CUS-00115,North America,USD,376.35,30.11,406.46,completed
ORD-000999,2026-06-20T23:27:00+00:00,CUS-00139,United Kingdom,GBP,236.69,47.34,284.03,completed
ORD-001000,2026-06-21T00:40:00+00:00,CUS-00025,North America,USD,30.47,2.44,32.91,pending
ORD-001001,2026-06-21T01:53:00+00:00,CUS-00297,Europe,EUR,295.99,59.20,355.19,completed
ORD-001002,2026-06-21T03:06:00+00:00,CUS-00016,United Kingdom,GBP,192.73,38.55,231.28,completed
ORD-001003,2026-06-21T04:19:00+00:00,CUS-00394,North America,USD,465.50,37.24,502.74,pending
ORD-001004,2026-06-21T05:32:00+00:00,CUS-00364,Europe,EUR,634.13,126.83,760.96,completed
ORD-001005,2026-06-21T06:45:00+00:00,CUS-00221,Europe,EUR,322.69,64.54,387.23,completed
ORD-001006,2026-06-21T07:58:00+00:00,CUS-00031,North America,USD,350.35,28.03,378.38,pending
ORD-001007,2026-06-21T09:11:00+00:00,CUS-00212,North America,USD,201.49,16.12,217.61,completed
ORD-001008,2026-06-21T10:24:00+00:00,CUS-00116,Europe,EUR,413.38,82.68,496.06,completed
ORD-001009,2026-06-21T11:37:00+00:00,CUS-00361,United Kingdom,GBP,584.44,116.89,701.33,pending
ORD-001010,2026-06-21T12:50:00+00:00,CUS-00349,North America,USD,545.91,43.67,589.58,completed
ORD-001011,2026-06-21T14:03:00+00:00,CUS-00198,United Kingdom,GBP,493.83,98.77,592.60,refunded
ORD-001012,2026-06-21T15:16:00+00:00,CUS-00140,Europe,EUR,195.52,39.10,234.62,completed
ORD-001013,2026-06-21T16:29:00+00:00,CUS-00316,Europe,EUR,459.63,91.93,551.56,refunded
ORD-001014,2026-06-21T17:42:00+00:00,CUS-00151,North America,USD,599.54,47.96,647.50,completed
ORD-001015,2026-06-21T18:55:00+00:00,CUS-00137,Europe,EUR,387.50,77.50,465.00,completed
ORD-001016,2026-06-21T20:08:00+00:00,CUS-00026,Europe,EUR,214.33,42.87,257.20,pending
ORD-001017,2026-06-21T21:21:00+00:00,CUS-00043,United Kingdom,GBP,604.80,120.96,725.76,refunded
ORD-001018,2026-06-21T22:34:00+00:00,CUS-00002,Europe,EUR,95.53,19.11,114.64,completed
ORD-001019,2026-06-21T23:47:00+00:00,CUS-00312,United Kingdom,GBP,239.22,47.84,287.06,completed
ORD-001020,2026-06-22T01:00:00+00:00,CUS-00240,Europe,EUR,75.72,15.14,90.86,completed
ORD-001021,2026-06-22T02:13:00+00:00,CUS-00090,United Kingdom,GBP,64.39,12.88,77.27,completed
ORD-001022,2026-06-22T03:26:00+00:00,CUS-00364,Europe,EUR,535.52,107.10,642.62,completed
ORD-001023,2026-06-22T04:39:00+00:00,CUS-00319,Europe,EUR,485.25,97.05,582.30,completed
ORD-001024,2026-06-22T05:52:00+00:00,CUS-00281,North America,USD,373.80,29.90,403.70,completed
ORD-001025,2026-06-22T07:05:00+00:00,CUS-00269,North America,USD,225.92,18.07,243.99,completed
ORD-001026,2026-06-22T08:18:00+00:00,CUS-00315,Europe,EUR,75.19,15.04,90.23,completed
ORD-001027,2026-06-22T09:31:00+00:00,CUS-00234,North America,USD,564.38,45.15,609.53,refunded
ORD-001028,2026-06-22T10:44:00+00:00,CUS-00351,Europe,EUR,126.72,25.34,152.06,completed
ORD-001029,2026-06-22T11:57:00+00:00,CUS-00213,Europe,EUR,594.70,118.94,713.64,completed
ORD-001030,2026-06-22T13:10:00+00:00,CUS-00244,United Kingdom,GBP,425.73,85.15,510.88,completed
ORD-001031,2026-06-22T14:23:00+00:00,CUS-00307,Europe,EUR,470.34,94.07,564.41,refunded
ORD-001032,2026-06-22T15:36:00+00:00,CUS-00236,North America,USD,409.51,32.76,442.27,completed
ORD-001033,2026-06-22T16:49:00+00:00,CUS-00010,North America,USD,123.22,9.86,133.08,pending
ORD-001034,2026-06-22T18:02:00+00:00,CUS-00322,United Kingdom,GBP,595.26,119.05,714.31,completed
ORD-001035,2026-06-22T19:15:00+00:00,CUS-00292,United Kingdom,GBP,102.72,20.54,123.26,completed
ORD-001036,2026-06-22T20:28:00+00:00,CUS-00145,North America,USD,359.28,28.74,388.02,completed
ORD-001037,2026-06-22T21:41:00+00:00,CUS-00273,Europe,EUR,101.11,20.22,121.33,completed
ORD-001038,2026-06-22T22:54:00+00:00,CUS-00028,United Kingdom,GBP,278.48,55.70,334.18,completed
ORD-001039,2026-06-23T00:07:00+00:00,CUS-00298,United Kingdom,GBP,404.70,80.94,485.64,completed
ORD-001040,2026-06-23T01:20:00+00:00,CUS-00153,United Kingdom,GBP,186.45,37.29,223.74,completed
ORD-001041,2026-06-23T02:33:00+00:00,CUS-00113,United Kingdom,GBP,56.52,11.30,67.82,completed
ORD-001042,2026-06-23T03:46:00+00:00,CUS-00268,Europe,EUR,365.86,73.17,439.03,completed
ORD-001043,2026-06-23T04:59:00+00:00,CUS-00364,North America,USD,281.86,22.55,304.41,refunded
ORD-001044,2026-06-23T06:12:00+00:00,CUS-00185,United Kingdom,GBP,488.64,97.73,586.37,completed
ORD-001045,2026-06-23T07:25:00+00:00,CUS-00042,Europe,EUR,277.78,55.56,333.34,completed
ORD-001046,2026-06-23T08:38:00+00:00,CUS-00324,North America,USD,145.92,11.67,157.59,completed
ORD-001047,2026-06-23T09:51:00+00:00,CUS-00264,Europe,EUR,493.21,98.64,591.85,completed
ORD-001048,2026-06-23T11:04:00+00:00,CUS-00026,North America,USD,276.63,22.13,298.76,completed
ORD-001049,2026-06-23T12:17:00+00:00,CUS-00032,North America,USD,143.13,11.45,154.58,completed
ORD-001050,2026-06-23T13:30:00+00:00,CUS-00117,North America,USD,165.40,13.23,178.63,completed
ORD-001051,2026-06-23T14:43:00+00:00,CUS-00103,United Kingdom,GBP,299.08,59.82,358.90,completed
ORD-001052,2026-06-23T15:56:00+00:00,CUS-00317,United Kingdom,GBP,382.29,76.46,458.75,pending
ORD-001053,2026-06-23T17:09:00+00:00,CUS-00101,Europe,EUR,168.86,33.77,202.63,completed
ORD-001054,2026-06-23T18:22:00+00:00,CUS-00198,Europe,EUR,399.76,79.95,479.71,completed
ORD-001055,2026-06-23T19:35:00+00:00,CUS-00062,United Kingdom,GBP,250.71,50.14,300.85,refunded
ORD-001056,2026-06-23T20:48:00+00:00,CUS-00042,North America,USD,557.31,44.58,601.89,completed
ORD-001057,2026-06-23T22:01:00+00:00,CUS-00311,Europe,EUR,153.41,30.68,184.09,completed
ORD-001058,2026-06-23T23:14:00+00:00,CUS-00301,Europe,EUR,150.25,30.05,180.30,completed
ORD-001059,2026-06-24T00:27:00+00:00,CUS-00305,United Kingdom,GBP,411.48,82.30,493.78,pending
ORD-001060,2026-06-24T01:40:00+00:00,CUS-00013,North America,USD,487.37,38.99,526.36,pending
ORD-001061,2026-06-24T02:53:00+00:00,CUS-00335,United Kingdom,GBP,177.56,35.51,213.07,completed
ORD-001062,2026-06-24T04:06:00+00:00,CUS-00384,United Kingdom,GBP,264.30,52.86,317.16,pending
ORD-001063,2026-06-24T05:19:00+00:00,CUS-00285,North America,USD,324.28,25.94,350.22,completed
ORD-001064,2026-06-24T06:32:00+00:00,CUS-00104,United Kingdom,GBP,43.50,8.70,52.20,completed
ORD-001065,2026-06-24T07:45:00+00:00,CUS-00306,United Kingdom,GBP,418.15,83.63,501.78,refunded
ORD-001066,2026-06-24T08:58:00+00:00,CUS-00198,North America,USD,236.33,18.91,255.24,pending
ORD-001067,2026-06-24T10:11:00+00:00,CUS-00200,United Kingdom,GBP,360.37,72.07,432.44,completed
ORD-001068,2026-06-24T11:24:00+00:00,CUS-00392,North America,USD,58.18,4.65,62.83,completed
ORD-001069,2026-06-24T12:37:00+00:00,CUS-00196,Europe,EUR,236.04,47.21,283.25,completed
ORD-001070,2026-06-24T13:50:00+00:00,CUS-00216,North America,USD,592.22,47.38,639.60,completed
ORD-001071,2026-06-24T15:03:00+00:00,CUS-00236,United Kingdom,GBP,478.38,95.68,574.06,completed
ORD-001072,2026-06-24T16:16:00+00:00,CUS-00166,United Kingdom,GBP,285.98,57.20,343.18,completed
ORD-001073,2026-06-24T17:29:00+00:00,CUS-00317,Europe,EUR,327.98,65.60,393.58,refunded
ORD-001074,2026-06-24T18:42:00+00:00,CUS-00256,Europe,EUR,434.03,86.81,520.84,completed
ORD-001075,2026-06-24T19:55:00+00:00,CUS-00194,United Kingdom,GBP,95.94,19.19,115.13,completed
ORD-001076,2026-06-24T21:08:00+00:00,CUS-00327,Europe,EUR,43.85,8.77,52.62,completed
ORD-001077,2026-06-24T22:21:00+00:00,CUS-00070,United Kingdom,GBP,526.76,105.35,632.11,completed
ORD-001078,2026-06-24T23:34:00+00:00,CUS-00153,North America,USD,276.92,22.15,299.07,pending
ORD-001079,2026-06-25T00:47:00+00:00,CUS-00049,North America,USD,336.44,26.92,363.36,completed
ORD-001080,2026-06-25T02:00:00+00:00,CUS-00007,United Kingdom,GBP,622.05,124.41,746.46,completed
ORD-001081,2026-06-25T03:13:00+00:00,CUS-00333,North America,USD,469.06,37.52,506.58,refunded
ORD-001082,2026-06-25T04:26:00+00:00,CUS-00324,North America,USD,378.74,30.30,409.04,completed
ORD-001083,2026-06-25T05:39:00+00:00,CUS-00268,Europe,EUR,181.73,36.35,218.08,completed
ORD-001084,2026-06-25T06:52:00+00:00,CUS-00232,North America,USD,228.26,18.26,246.52,completed
ORD-001085,2026-06-25T08:05:00+00:00,CUS-00315,United Kingdom,GBP,625.00,125.00,750.00,completed
ORD-001086,2026-06-25T09:18:00+00:00,CUS-00117,Europe,EUR,579.23,115.85,695.08,pending
ORD-001087,2026-06-25T10:31:00+00:00,CUS-00302,United Kingdom,GBP,580.17,116.03,696.20,completed
ORD-001088,2026-06-25T11:44:00+00:00,CUS-00229,United Kingdom,GBP,108.97,21.79,130.76,refunded
ORD-001089,2026-06-25T12:57:00+00:00,CUS-00224,Europe,EUR,312.65,62.53,375.18,completed
ORD-001090,2026-06-25T14:10:00+00:00,CUS-00234,North America,USD,73.87,5.91,79.78,completed
ORD-001091,2026-06-25T15:23:00+00:00,CUS-00202,North America,USD,421.72,33.74,455.46,completed
ORD-001092,2026-06-25T16:36:00+00:00,CUS-00025,Europe,EUR,573.93,114.79,688.72,completed
ORD-001093,2026-06-25T17:49:00+00:00,CUS-00292,United Kingdom,GBP,90.54,18.11,108.65,completed
ORD-001094,2026-06-25T19:02:00+00:00,CUS-00384,United Kingdom,GBP,341.20,68.24,409.44,completed
ORD-001095,2026-06-25T20:15:00+00:00,CUS-00179,North America,USD,241.88,19.35,261.23,pending
ORD-001096,2026-06-25T21:28:00+00:00,CUS-00230,United Kingdom,GBP,200.35,40.07,240.42,completed
ORD-001097,2026-06-25T22:41:00+00:00,CUS-00006,Europe,EUR,219.79,43.96,263.75,completed
ORD-001098,2026-06-25T23:54:00+00:00,CUS-00375,North America,USD,552.93,44.23,597.16,completed
ORD-001099,2026-06-26T01:07:00+00:00,CUS-00262,North America,USD,544.95,43.60,588.55,completed
ORD-001100,2026-06-26T02:20:00+00:00,CUS-00390,United Kingdom,GBP,533.73,106.75,640.48,completed
ORD-001101,2026-06-26T03:33:00+00:00,CUS-00207,Europe,EUR,541.08,108.22,649.30,completed
ORD-001102,2026-06-26T04:46:00+00:00,CUS-00212,Europe,EUR,447.08,89.42,536.50,refunded
ORD-001103,2026-06-26T05:59:00+00:00,CUS-00099,Europe,EUR,447.14,89.43,536.57,completed
ORD-001104,2026-06-26T07:12:00+00:00,CUS-00322,Europe,EUR,600.08,120.02,720.10,completed
ORD-001105,2026-06-26T08:25:00+00:00,CUS-00246,United Kingdom,GBP,601.20,120.24,721.44,completed
ORD-001106,2026-06-26T09:38:00+00:00,CUS-00098,United Kingdom,GBP,586.21,117.24,703.45,completed
ORD-001107,2026-06-26T10:51:00+00:00,CUS-00339,United Kingdom,GBP,53.60,10.72,64.32,refunded
ORD-001108,2026-06-26T12:04:00+00:00,CUS-00304,United Kingdom,GBP,172.41,34.48,206.89,completed
ORD-001109,2026-06-26T13:17:00+00:00,CUS-00267,United Kingdom,GBP,177.54,35.51,213.05,completed
ORD-001110,2026-06-26T14:30:00+00:00,CUS-00084,United Kingdom,GBP,224.72,44.94,269.66,completed
ORD-001111,2026-06-26T15:43:00+00:00,CUS-00198,Europe,EUR,529.73,105.95,635.68,completed
ORD-001112,2026-06-26T16:56:00+00:00,CUS-00293,North America,USD,288.79,23.10,311.89,completed
ORD-001113,2026-06-26T18:09:00+00:00,CUS-00364,United Kingdom,GBP,146.02,29.20,175.22,completed
ORD-001114,2026-06-26T19:22:00+00:00,CUS-00239,Europe,EUR,541.51,108.30,649.81,completed
ORD-001115,2026-06-26T20:35:00+00:00,CUS-00026,United Kingdom,GBP,316.91,63.38,380.29,completed
ORD-001116,2026-06-26T21:48:00+00:00,CUS-00325,United Kingdom,GBP,190.31,38.06,228.37,refunded
ORD-001117,2026-06-26T23:01:00+00:00,CUS-00055,North America,USD,119.50,9.56,129.06,completed
ORD-001118,2026-06-27T00:14:00+00:00,CUS-00052,North America,USD,399.73,31.98,431.71,pending
ORD-001119,2026-06-27T01:27:00+00:00,CUS-00031,United Kingdom,GBP,463.14,92.63,555.77,pending
ORD-001120,2026-06-27T02:40:00+00:00,CUS-00365,North America,USD,362.46,29.00,391.46,completed
ORD-001121,2026-06-27T03:53:00+00:00,CUS-00289,Europe,EUR,52.05,10.41,62.46,completed
ORD-001122,2026-06-27T05:06:00+00:00,CUS-00346,United Kingdom,GBP,523.33,104.67,628.00,completed
ORD-001123,2026-06-27T06:19:00+00:00,CUS-00141,North America,USD,136.06,10.88,146.94,pending
ORD-001124,2026-06-27T07:32:00+00:00,CUS-00323,United Kingdom,GBP,232.24,46.45,278.69,completed
ORD-001125,2026-06-27T08:45:00+00:00,CUS-00326,Europe,EUR,565.49,113.10,678.59,completed
ORD-001126,2026-06-27T09:58:00+00:00,CUS-00400,Europe,EUR,84.10,16.82,100.92,completed
ORD-001127,2026-06-27T11:11:00+00:00,CUS-00062,United Kingdom,GBP,625.29,125.06,750.35,completed
ORD-001128,2026-06-27T12:24:00+00:00,CUS-00296,Europe,EUR,557.08,111.42,668.50,completed
ORD-001129,2026-06-27T13:37:00+00:00,CUS-00390,North America,USD,272.32,21.79,294.11,completed
ORD-001130,2026-06-27T14:50:00+00:00,CUS-00385,North America,USD,59.34,4.75,64.09,completed
ORD-001131,2026-06-27T16:03:00+00:00,CUS-00352,Europe,EUR,491.00,98.20,589.20,completed
ORD-001132,2026-06-27T17:16:00+00:00,CUS-00124,Europe,EUR,356.15,71.23,427.38,completed
ORD-001133,2026-06-27T18:29:00+00:00,CUS-00346,North America,USD,458.87,36.71,495.58,completed
ORD-001134,2026-06-27T19:42:00+00:00,CUS-00287,North America,USD,634.96,50.80,685.76,refunded
ORD-001135,2026-06-27T20:55:00+00:00,CUS-00197,North America,USD,309.55,24.76,334.31,refunded
ORD-001136,2026-06-27T22:08:00+00:00,CUS-00384,United Kingdom,GBP,352.49,70.50,422.99,completed
ORD-001137,2026-06-27T23:21:00+00:00,CUS-00373,United Kingdom,GBP,109.44,21.89,131.33,completed
ORD-001138,2026-06-28T00:34:00+00:00,CUS-00351,United Kingdom,GBP,245.01,49.00,294.01,completed
ORD-001139,2026-06-28T01:47:00+00:00,CUS-00182,Europe,EUR,572.96,114.59,687.55,completed
ORD-001140,2026-06-28T03:00:00+00:00,CUS-00086,Europe,EUR,89.40,17.88,107.28,completed
ORD-001141,2026-06-28T04:13:00+00:00,CUS-00016,United Kingdom,GBP,39.56,7.91,47.47,completed
ORD-001142,2026-06-28T05:26:00+00:00,CUS-00375,United Kingdom,GBP,118.55,23.71,142.26,completed
ORD-001143,2026-06-28T06:39:00+00:00,CUS-00266,North America,USD,56.82,4.55,61.37,completed
ORD-001144,2026-06-28T07:52:00+00:00,CUS-00080,United Kingdom,GBP,423.19,84.64,507.83,completed
ORD-001145,2026-06-28T09:05:00+00:00,CUS-00058,United Kingdom,GBP,152.56,30.51,183.07,completed
ORD-001146,2026-06-28T10:18:00+00:00,CUS-00198,United Kingdom,GBP,492.78,98.56,591.34,completed
ORD-001147,2026-06-28T11:31:00+00:00,CUS-00259,United Kingdom,GBP,172.04,34.41,206.45,completed
ORD-001148,2026-06-28T12:44:00+00:00,CUS-00140,Europe,EUR,67.53,13.51,81.04,completed
ORD-001149,2026-06-28T13:57:00+00:00,CUS-00109,United Kingdom,GBP,387.37,77.47,464.84,completed
ORD-001150,2026-06-28T15:10:00+00:00,CUS-00151,United Kingdom,GBP,237.19,47.44,284.63,completed
ORD-001151,2026-06-28T16:23:00+00:00,CUS-00349,Europe,EUR,432.15,86.43,518.58,refunded
ORD-001152,2026-06-28T17:36:00+00:00,CUS-00323,Europe,EUR,473.59,94.72,568.31,completed
ORD-001153,2026-06-28T18:49:00+00:00,CUS-00151,Europe,EUR,54.92,10.98,65.90,completed
ORD-001154,2026-06-28T20:02:00+00:00,CUS-00151,United Kingdom,GBP,375.52,75.10,450.62,completed
ORD-001155,2026-06-28T21:15:00+00:00,CUS-00391,Europe,EUR,605.88,121.18,727.06,completed
ORD-001156,2026-06-28T22:28:00+00:00,CUS-00236,Europe,EUR,433.13,86.63,519.76,completed
ORD-001157,2026-06-28T23:41:00+00:00,CUS-00048,North America,USD,309.90,24.79,334.69,refunded
ORD-001158,2026-06-29T00:54:00+00:00,CUS-00103,North America,USD,288.77,23.10,311.87,completed
ORD-001159,2026-06-29T02:07:00+00:00,CUS-00113,United Kingdom,GBP,125.44,25.09,150.53,completed
ORD-001160,2026-06-29T03:20:00+00:00,CUS-00328,United Kingdom,GBP,165.47,33.09,198.56,completed
ORD-001161,2026-06-29T04:33:00+00:00,CUS-00392,United Kingdom,GBP,457.51,91.50,549.01,completed
ORD-001162,2026-06-29T05:46:00+00:00,CUS-00038,North America,USD,548.08,43.85,591.93,completed
ORD-001163,2026-06-29T06:59:00+00:00,CUS-00353,North America,USD,430.94,34.48,465.42,refunded
ORD-001164,2026-06-29T08:12:00+00:00,CUS-00061,Europe,EUR,77.27,15.45,92.72,completed
ORD-001165,2026-06-29T09:25:00+00:00,CUS-00261,Europe,EUR,618.57,123.71,742.28,completed
ORD-001166,2026-06-29T10:38:00+00:00,CUS-00183,Europe,EUR,463.19,92.64,555.83,completed
ORD-001167,2026-06-29T11:51:00+00:00,CUS-00016,United Kingdom,GBP,86.57,17.31,103.88,completed
ORD-001168,2026-06-29T13:04:00+00:00,CUS-00365,United Kingdom,GBP,73.65,14.73,88.38,completed
ORD-001169,2026-06-29T14:17:00+00:00,CUS-00107,North America,USD,362.56,29.00,391.56,completed
ORD-001170,2026-06-29T15:30:00+00:00,CUS-00052,North America,USD,532.08,42.57,574.65,completed
ORD-001171,2026-06-29T16:43:00+00:00,CUS-00200,North America,USD,335.62,26.85,362.47,completed
ORD-001172,2026-06-29T17:56:00+00:00,CUS-00131,Europe,EUR,226.73,45.35,272.08,completed
ORD-001173,2026-06-29T19:09:00+00:00,CUS-00278,United Kingdom,GBP,149.46,29.89,179.35,pending
ORD-001174,2026-06-29T20:22:00+00:00,CUS-00145,United Kingdom,GBP,559.82,111.96,671.78,completed
ORD-001175,2026-06-29T21:35:00+00:00,CUS-00272,United Kingdom,GBP,416.72,83.34,500.06,completed
ORD-001176,2026-06-29T22:48:00+00:00,CUS-00289,Europe,EUR,138.98,27.80,166.78,completed
ORD-001177,2026-06-30T00:01:00+00:00,CUS-00189,North America,USD,454.75,36.38,491.13,completed
ORD-001178,2026-06-30T01:14:00+00:00,CUS-00227,North America,USD,466.29,37.30,503.59,completed
ORD-001179,2026-06-30T02:27:00+00:00,CUS-00364,Europe,EUR,577.30,115.46,692.76,completed
ORD-001180,2026-06-30T03:40:00+00:00,CUS-00321,Europe,EUR,418.00,83.60,501.60,completed
ORD-001181,2026-06-30T04:53:00+00:00,CUS-00040,United Kingdom,GBP,41.29,8.26,49.55,completed
ORD-001182,2026-06-30T06:06:00+00:00,CUS-00139,North America,USD,481.20,38.50,519.70,completed
ORD-001183,2026-06-30T07:19:00+00:00,CUS-00362,North America,USD,335.62,26.85,362.47,completed
ORD-001184,2026-06-30T08:32:00+00:00,CUS-00109,North America,USD,466.14,37.29,503.43,completed
ORD-001185,2026-06-30T09:45:00+00:00,CUS-00354,United Kingdom,GBP,251.51,50.30,301.81,refunded
ORD-001186,2026-06-30T10:58:00+00:00,CUS-00126,United Kingdom,GBP,297.07,59.41,356.48,completed
ORD-001187,2026-06-30T12:11:00+00:00,CUS-00064,Europe,EUR,31.39,6.28,37.67,completed
ORD-001188,2026-06-30T13:24:00+00:00,CUS-00148,North America,USD,558.45,44.68,603.13,completed
ORD-001189,2026-06-30T14:37:00+00:00,CUS-00243,North America,USD,213.13,17.05,230.18,completed
ORD-001190,2026-06-30T15:50:00+00:00,CUS-00056,North America,USD,323.29,25.86,349.15,completed
ORD-001191,2026-06-30T17:03:00+00:00,CUS-00018,North America,USD,472.03,37.76,509.79,completed
ORD-001192,2026-06-30T18:16:00+00:00,CUS-00317,United Kingdom,GBP,314.83,62.97,377.80,completed
ORD-001193,2026-06-30T19:29:00+00:00,CUS-00359,North America,USD,156.65,12.53,169.18,completed
ORD-001194,2026-06-30T20:42:00+00:00,CUS-00010,North America,USD,206.71,16.54,223.25,refunded
ORD-001195,2026-06-30T21:55:00+00:00,CUS-00212,Europe,EUR,178.50,35.70,214.20,pending
ORD-001196,2026-06-30T23:08:00+00:00,CUS-00378,North America,USD,458.19,36.66,494.85,completed
ORD-001197,2026-07-01T00:21:00+00:00,CUS-00291,United Kingdom,GBP,421.29,84.26,505.55,refunded
ORD-001198,2026-07-01T01:34:00+00:00,CUS-00268,Europe,EUR,482.92,96.58,579.50,completed
ORD-001199,2026-07-01T02:47:00+00:00,CUS-00071,Europe,EUR,587.30,117.46,704.76,pending
ORD-001200,2026-07-01T04:00:00+00:00,CUS-00188,Europe,EUR,94.33,18.87,113.20,completed
